ak5sQVhZZ0RtV3ZmRHMyUDRPbTQ3RGJFSzdRcllleWpYc09XQ2Fub082QT0=,dWdZRGM3LzQ4OVlnRHNsN1NBTDhKek5TN3FOMDBjZTdnMGVMMXQzQWgzZz0=,ak5sQVhZZ0RtV3ZmRHMyUDRPbTQ3RGJFSzdRcllleWpYc09XQ2Fub082QT0=,VzVyTmJrYXZheGRicnJobG1VcXhqMGsxNnhXMkJ6MkZjRlhtRnF5U1R6WT0=,L1dqOEIwNHI2cDNXYlo3OTRRSFFpeXZ2eDhaRDFDVmtXbjhUb0FKdElKRUJBVkNJZngrNklXZ2tzdXZBeVBVVXBrdW5XWkw3TzB2UFdZM0Y1QWxHMngzQUpPdXBTTVBhOXBnOVFybnM5Tkh4R3A5aXFlS21xS295ZkJvV3k4dmc=,bndHN1d6U1cvYXdoSzJsWWJYYndMNWxvMmRvbm1kTW9lWkZXM0F5SXpVbz0=,cTVSNEJZcm1HQnBHTUJlNEdpRUxHN214dTU3NitDTzV5TU96Ymk2L3JkaDdDSFVROVB6OWxJZU5pdTlLQXhYRjdCeEtNaTI1d0ZROC9RN1NHTVlwcjh3clE5QnpjanpKUmdQeXI2UGtqd0ZGOW1UdlJPOWNjUGI5TEE0R0dqOWhhd2MvaDdkb3FVTUM4MTlyOGErZXVYZTRBSHk5a3BYaFNIeE5ibTRaUU9teFVRWmRwYXRZQlJ5UVZ2ZVJqNmZkQU1hMEVDVkJxMzNUTXdVeDh4TWFncnp6OTJOYkh3TXBNaWkwWlF3QkpZSWE4UEtPNHlGeHdDZDdjT3gzdjI3YjBoRnM5ZFhYeFc5aFIyaVZtUE1JRmRqTjhGYlVxcjNEcHVsU3JybnZzS01tUlZBckhWd1VRZURYOUhuWXg1VGl3N3dDQmFBSGxRMW41R0ljME5XMlNCOUhlSkl0VEJLbHAyQWJmMmlCOWRXWlVFdnhWWm9lTnM4bWlyeTkwcWt0SHJ4M2lPODFycUM0aXZvNzBXM2dtNHRCMHJoWVJyNFdYcDVYK1pXeHpUdFI0aElUWmxjdTRHdUlMbnJNcTRNajc1dDZmUGoxcWcxUDdaM1J1dnl3UHpwUXFFc1pUOTVaYU0rdjNJcVpkMXdScVRndno4WUsyV0RCakdnNXZ1c0czeHRIc0VhbTh4Y2FnRllISXZEaHJCN2N1OWRSRmpjR25iSlFTSjF2T3VQOWZjM0EvUExTTmdIQnYwTGRERmQxZmM3c1BYYmRFWkcyZU1yN1pnM2lCSUsrdHE5K3NLbEoxSjE0WnlLdmh3MTdnY2JqbXlIUTBaN3RIQUZBa1lnSGlvQ0tWVmNsRTEvSW5HOWx5dTBxdXc9PQ==
ZVBpTFBGRzg4TlpXUHg2MkcvZDE3SzNRVXhyWUxNRnU3czNhTzhjY2Q0TT0=,dWdZRGM3LzQ4OVlnRHNsN1NBTDhKek5TN3FOMDBjZTdnMGVMMXQzQWgzZz0=,ZVBpTFBGRzg4TlpXUHg2MkcvZDE3SzNRVXhyWUxNRnU3czNhTzhjY2Q0TT0=,VzVyTmJrYXZheGRicnJobG1VcXhqMGsxNnhXMkJ6MkZjRlhtRnF5U1R6WT0=,L1dqOEIwNHI2cDNXYlo3OTRRSFFpeXZ2eDhaRDFDVmtXbjhUb0FKdElKRUJBVkNJZngrNklXZ2tzdXZBeVBVVXBrdW5XWkw3TzB2UFdZM0Y1QWxHMnlkREgybFBzakF2M3JacHpTTXEwVXFWU09YODdHQTVEVmNjQy8zaC9sRGs=,bndHN1d6U1cvYXdoSzJsWWJYYndMNWxvMmRvbm1kTW9lWkZXM0F5SXpVbz0=,cTVSNEJZcm1HQnBHTUJlNEdpRUxHN214dTU3NitDTzV5TU96Ymk2L3JkaDdDSFVROVB6OWxJZU5pdTlLQXhYRjdCeEtNaTI1d0ZROC9RN1NHTVlwcjh3clE5QnpjanpKUmdQeXI2UGtqd0ZGOW1UdlJPOWNjUGI5TEE0R0dqOWhhd2MvaDdkb3FVTUM4MTlyOGErZXVYZTRBSHk5a3BYaFNIeE5ibTRaUU9teFVRWmRwYXRZQlJ5UVZ2ZVJqNmZkQU1hMEVDVkJxMzNUTXdVeDh4TWFncnp6OTJOYkh3TXBNaWkwWlF3QkpZSWE4UEtPNHlGeHdDZDdjT3gzdjI3YjBoRnM5ZFhYeFc5aFIyaVZtUE1JRmRqTjhGYlVxcjNEcHVsU3JybnZzS01tUlZBckhWd1VRZURYOUhuWXg1VGl3N3dDQmFBSGxRMW41R0ljME5XMlNCOUhlSkl0VEJLbHAyQWJmMmlCOWRXWlVFdnhWWm9lTnM4bWlyeTkwcWt0SHJ4M2lPODFycUM0aXZvNzBXM2dtNHRCMHJoWVJyNFdYcDVYK1pXeHpUdFI0aElUWmxjdTRHdUlMbnJNcTRNajc1dDZmUGoxcWcxUDdaM1J1dnl3UHpwUXFFc1pUOTVaYU0rdjNJcVpkMXdScVRndno4WUsyV0RCakdnNXZ1c0czeHRIc0VhbTh4Y2FnRllISXZEaHJCN2N1OWRSRmpjR25iSlFTSjF2T3VQYzFQZE1EMThWbVVGOXY5R21VdnhxMExQdWVzUmRYT1R5T1JwNzQzUW1DSFFaQUg1S2FiOUo4RkN6NEdpRDFwTFNKZ1l3RVB1OFVFMnR0Y0k5aEVEZHZBMHBOVHdtMzRrbE9COFB5MWpjeUpyS080SGRhWHlld2tFci90clpKREk9
ZVBpTFBGRzg4TlpXUHg2MkcvZDE3SzNRVXhyWUxNRnU3czNhTzhjY2Q0TT0=,YWREWmwrWEVpVlpFNG12ejJoQ2JIZXlyYVU1dFZ5TmlhNE96OWJ5T2xmUT0=,ZVBpTFBGRzg4TlpXUHg2MkcvZDE3SzNRVXhyWUxNRnU3czNhTzhjY2Q0TT0=,VzVyTmJrYXZheGRicnJobG1VcXhqMGsxNnhXMkJ6MkZjRlhtRnF5U1R6WT0=,YXhPbkdoWUFZTUEreFlZOGt4K1FtK2hIbk9IeTBaYmgxQThLcm5xVlorOHA5a1pWOCtnUDhFSm9qUVpGM2tkaTJPS1V2V3BXMnBEdjFYTkhJVGhMQXc9PQ==,bndHN1d6U1cvYXdoSzJsWWJYYndMNWxvMmRvbm1kTW9lWkZXM0F5SXpVbz0=,cTVSNEJZcm1HQnBHTUJlNEdpRUxHN214dTU3NitDTzV5TU96Ymk2L3JkaDdDSFVROVB6OWxJZU5pdTlLQXhYRjdCeEtNaTI1d0ZROC9RN1NHTVlwcjh3clE5QnpjanpKUmdQeXI2UGtqd0hXOFphUktmL2Fna1VVWVpRbGFRcDA0NS96Q3JQS29FL2d1cXJjRWJjbzB4ZlFFTzZwOWtHbTlhREZGdTlsK1dJSHFabllGdCtDZUt0M2hhd2g0ZEo3T044UUkvejRPRFdHTXcvMFNEWUFoYy9EN2tDUmV3S2NVbEtUK3BvQU9QaHdUWXB4eHpJQ2liMzhrWjBwbWExLytIeDF0a05PM1J1cllYdHZVZ3Z3UE9IbGJyN3UyOVBaL0JhcWF5ZnJESk54UmcwQ3ZZTkxWY1pqVGVmeFhJdzFQNzBMelBpVTIrTDlEVXZEMjZibmxkOERkV3p5b2c2RGg0Z0toWFhOdzI0WjRvNGR3cTJWNTYzQTJEbXl3YVl4UHFZS3JuYlR1T20zc0doL0NMTW9XZGlCcUszcTlOK0QvS1ZJUFFKOXpLdkpFWGJYL25jaEhsWHo0ck53Wmh4YTdwdUFoQ2ppckd1eG5WLzJBMUlYZmtINXdBOVhpa1pXTkhET3VEUUFIbTZaemJJNHcvOVV2YzNoWnNXVFRmY3dHU1RjeHA4ZSs4ZXpkSFdRd3V6dTdRPT0=
NnIvcnIvT0RCenliR2piVTdnR1lHc0pYeEJLTU42bkdYdFVuKzlxQnNscz0=,dWdZRGM3LzQ4OVlnRHNsN1NBTDhKek5TN3FOMDBjZTdnMGVMMXQzQWgzZz0=,NnIvcnIvT0RCenliR2piVTdnR1lHc0pYeEJLTU42bkdYdFVuKzlxQnNscz0=,VzVyTmJrYXZheGRicnJobG1VcXhqMGsxNnhXMkJ6MkZjRlhtRnF5U1R6WT0=,L1dqOEIwNHI2cDNXYlo3OTRRSFFpeXZ2eDhaRDFDVmtXbjhUb0FKdElKRUJBVkNJZngrNklXZ2tzdXZBeVBVVXBrdW5XWkw3TzB2UFdZM0Y1QWxHMitDQ2hiTW83VWpKR0p1Zk9melVMNjFKdG15dTJ4Y0JDODVRV2ZiUW5WOXM=,bndHN1d6U1cvYXdoSzJsWWJYYndMNWxvMmRvbm1kTW9lWkZXM0F5SXpVbz0=,cTVSNEJZcm1HQnBHTUJlNEdpRUxHN214dTU3NitDTzV5TU96Ymk2L3JkaDdDSFVROVB6OWxJZU5pdTlLQXhYRjdCeEtNaTI1d0ZROC9RN1NHTVlwcjh3clE5QnpjanpKUmdQeXI2UGtqd0ZGOW1UdlJPOWNjUGI5TEE0R0dqOWhhd2MvaDdkb3FVTUM4MTlyOGErZXVYZTRBSHk5a3BYaFNIeE5ibTRaUU9teFVRWmRwYXRZQlJ5UVZ2ZVJqNmZkQU1hMEVDVkJxMzNUTXdVeDh4TWFncnp6OTJOYkh3TXBNaWkwWlF3QkpZSWE4UEtPNHlGeHdDZDdjT3gzdjI3YjBoRnM5ZFhYeFc5aFIyaVZtUE1JRmRqTjhGYlVxcjNEcHVsU3JybnZzS01tUlZBckhWd1VRZURYOUhuWXg1VGl3N3dDQmFBSGxRMW41R0ljME5XMlNCOUhlSkl0VEJLbHAyQWJmMmlCOWRXWlVFdnhWWm9lTnM4bWlyeTkwcWt0SHJ4M2lPODFycUM0aXZvNzBXM2dtNHRCMHJoWVJyNFdYcDVYK1pXeHpUdFI0aElUWmxjdTRHdUlMbnJNcTRNajc1dDZmUGoxcWcxUDdaM1J1dnl3UHpwUXFFc1pUOTVaYU0rdjNJcVpkMXdScVRndno4WUsyV0RCakdnNXZ1c0czeHRIc0VhbTh4Y2FnRllISXZEaHJCN2N1OWRSRmpjR25iSlFTSjF2T3VQYzFQZE1EMThWbVVGOXY5R21VdnhxMExQdWVzUmRYT1R5T1JwNzQzUW1DSFFaQUg1S2FiOUo4RkN6NEdpRDFwTFNKZ1l3RVB1OFVFMnR0Y0k5aEVEZHZBMHBOVHdtMzRrbE9COFB5MWpjeUpyS080SGRhWHlld2tFci90clpKREk9
NnIvcnIvT0RCenliR2piVTdnR1lHc0pYeEJLTU42bkdYdFVuKzlxQnNscz0=,YWREWmwrWEVpVlpFNG12ejJoQ2JIZXlyYVU1dFZ5TmlhNE96OWJ5T2xmUT0=,NnIvcnIvT0RCenliR2piVTdnR1lHc0pYeEJLTU42bkdYdFVuKzlxQnNscz0=,VzVyTmJrYXZheGRicnJobG1VcXhqMGsxNnhXMkJ6MkZjRlhtRnF5U1R6WT0=,YXhPbkdoWUFZTUEreFlZOGt4K1FtK2hIbk9IeTBaYmgxQThLcm5xVlorOHA5a1pWOCtnUDhFSm9qUVpGM2tkaTJPS1V2V3BXMnBEdjFYTkhJVGhMQXc9PQ==,bndHN1d6U1cvYXdoSzJsWWJYYndMNWxvMmRvbm1kTW9lWkZXM0F5SXpVbz0=,cTVSNEJZcm1HQnBHTUJlNEdpRUxHN3A0bHQrV2UxWVpVT1ZITEg3bUgzakhjRHhMSE95WlJHZ09jODJobjJLbVBySXFpYWs3M05VRjA0RUp5bVpLenNxR3YrUDlIUHl4M0REN05jZFlPWkR2QnIrZWhGb0dreGJqc2Y3OFJpcjI1SllsQ2FKV3BkWE5hYmgvTExYZ0ZnYUV1VHRsOWZqamdPTWpQYTB0TGlpSkFXeDlQdVV6Zm16ZXJMbEUxT2s2S29tbUZ3RDFEam5jTkZCdXd1LytqNmxaYXU1Y2xtQmtwb2d3T2ZLdVJwK2FsMnV6QUZxcnoxdW1tazI3c1grOFRxZTN4R3VqVlN2dXhtRksyaVNNZ2VKMU82UVYveGZuN2hpY2VrdStKUWhMd1JnTXZKMHRjOXRSQmRrTVJYdFUzUjQ0TXgzU1RqZnBKRzBQNmFlWTlWUFdlajJoVUFtK052ZHMxMXkzTEpwLzVYS3JTUXZwckRxVnU0TlM0QlZLNGlzdXgwREVOQ3QybUJPYW5oendoZVYwNFFuUTdUVHNySTQ4aDRFMEdOYzZzYmRWcGtZZkZnd2lQeVhvekNFR1NWVTNqTmVtS2xob0pCcmV2TWRIcFlUZndwT0tKc1RQdFJnM2NIUHZXTW5rQ2pqSHRnbnVTT2k1ODdaY2Fzck0=
RjBrQXRQT081cEl0WnhuRWw0RmVTS04vck8zRWlNMmFna2l3bFlMOGMyND0=,dWdZRGM3LzQ4OVlnRHNsN1NBTDhKek5TN3FOMDBjZTdnMGVMMXQzQWgzZz0=,RjBrQXRQT081cEl0WnhuRWw0RmVTS04vck8zRWlNMmFna2l3bFlMOGMyND0=,VzVyTmJrYXZheGRicnJobG1VcXhqMGsxNnhXMkJ6MkZjRlhtRnF5U1R6WT0=,L1dqOEIwNHI2cDNXYlo3OTRRSFFpeXZ2eDhaRDFDVmtXbjhUb0FKdElKRUJBVkNJZngrNklXZ2tzdXZBeVBVVXBrdW5XWkw3TzB2UFdZM0Y1QWxHMnlIc2xEWEhrOVFvbWZyRVdaUGhXb2c5T0tBcTZGckJsd2ZjQTF6SnIyN0Q=,bndHN1d6U1cvYXdoSzJsWWJYYndMNWxvMmRvbm1kTW9lWkZXM0F5SXpVbz0=,cTVSNEJZcm1HQnBHTUJlNEdpRUxHN214dTU3NitDTzV5TU96Ymk2L3JkaDdDSFVROVB6OWxJZU5pdTlLQXhYRjdCeEtNaTI1d0ZROC9RN1NHTVlwcjh3clE5QnpjanpKUmdQeXI2UGtqd0ZGOW1UdlJPOWNjUGI5TEE0R0dqOWhhd2MvaDdkb3FVTUM4MTlyOGErZXVYZTRBSHk5a3BYaFNIeE5ibTRaUU9teFVRWmRwYXRZQlJ5UVZ2ZVJqNmZkQU1hMEVDVkJxMzNUTXdVeDh4TWFncnp6OTJOYkh3TXBNaWkwWlF3QkpZSWE4UEtPNHlGeHdDZDdjT3gzdjI3YjBoRnM5ZFhYeFc5aFIyaVZtUE1JRmRqTjhGYlVxcjNEcHVsU3JybnZzS01tUlZBckhWd1VRZURYOUhuWXg1VGl3N3dDQmFBSGxRMW41R0ljME5XMlNCOUhlSkl0VEJLbHAyQWJmMmlCOWRXWlVFdnhWWm9lTnM4bWlyeTkwcWt0SHJ4M2lPODFycUM0aXZvNzBXM2dtNHRCMHJoWVJyNFdYcDVYK1pXeHpUdFI0aElUWmxjdTRHdUlMbnJNcTRNajc1dDZmUGoxcWcxUDdaM1J1dnl3UHpwUXFFc1pUOTVaYU0rdjNJcVpkMXdScVRndno4WUsyV0RCakdnNXZ1c0czeHRIc0VhbTh4Y2FnRllISXZEaHJCN2N1OWRSRmpjR25iSlFTSjF2T3VQYzFQZE1EMThWbVVGOXY5R21VdnhxMExQdWVzUmRYT1R5T1JwNzQzUW1DSFFaQUg1S2FiOUo4RkN6NEdpRDFwTFNKZ1l3RVB1OFVFMnR0Y0k5aEVEZHZBMHBOVHdtMzRrbE9COFB5MWpjeUpyS080SGRhWHlld2tFci90clpKREk9
RjBrQXRQT081cEl0WnhuRWw0RmVTS04vck8zRWlNMmFna2l3bFlMOGMyND0=,YWREWmwrWEVpVlpFNG12ejJoQ2JIZXlyYVU1dFZ5TmlhNE96OWJ5T2xmUT0=,RjBrQXRQT081cEl0WnhuRWw0RmVTS04vck8zRWlNMmFna2l3bFlMOGMyND0=,VzVyTmJrYXZheGRicnJobG1VcXhqMGsxNnhXMkJ6MkZjRlhtRnF5U1R6WT0=,YXhPbkdoWUFZTUEreFlZOGt4K1FtK2hIbk9IeTBaYmgxQThLcm5xVlorOHA5a1pWOCtnUDhFSm9qUVpGM2tkaTJPS1V2V3BXMnBEdjFYTkhJVGhMQXc9PQ==,bndHN1d6U1cvYXdoSzJsWWJYYndMNWxvMmRvbm1kTW9lWkZXM0F5SXpVbz0=,cTVSNEJZcm1HQnBHTUJlNEdpRUxHN3A0bHQrV2UxWVpVT1ZITEg3bUgzakhjRHhMSE95WlJHZ09jODJobjJLbVBySXFpYWs3M05VRjA0RUp5bVpLenNxR3YrUDlIUHl4M0REN05jZFlPWkR2QnIrZWhGb0dreGJqc2Y3OFJpcjI1SllsQ2FKV3BkWE5hYmgvTExYZ0ZnYUV1VHRsOWZqamdPTWpQYTB0TGlpSkFXeDlQdVV6Zm16ZXJMbEUxT2s2S29tbUZ3RDFEam5jTkZCdXd1LytqNmxaYXU1Y2xtQmtwb2d3T2ZLdVJwK2FsMnV6QUZxcnoxdW1tazI3c1grOFRxZTN4R3VqVlN2dXhtRksyaVNNZ2VKMU82UVYveGZuN2hpY2VrdStKUWhMd1JnTXZKMHRjOXRSQmRrTVJYdFUzUjQ0TXgzU1RqZnBKRzBQNmFlWTlWUFdlajJoVUFtK052ZHMxMXkzTEpwLzVYS3JTUXZwckRxVnU0TlM0QlZLNGlzdXgwREVOQ3QybUJPYW5oendoZVYwNFFuUTdUVHNySTQ4aDRFMEdOYzZzYmRWcGtZZkZnd2lQeVhvekNFR1NWVTNqTmVtS2xob0pCcmV2TWRIcFlUZndwT0tKc1RQdFJnM2NIUHZXTW5rQ2pqSHRnbnVTT2k1ODdaY2Fzck0=
YVNxeFFuVG1JM05RbnV5MStJWFl1Lzc3NURWcmxZNTRQT1AxU1ZzcXJyaz0=,dWdZRGM3LzQ4OVlnRHNsN1NBTDhKek5TN3FOMDBjZTdnMGVMMXQzQWgzZz0=,YVNxeFFuVG1JM05RbnV5MStJWFl1Lzc3NURWcmxZNTRQT1AxU1ZzcXJyaz0=,VzVyTmJrYXZheGRicnJobG1VcXhqMGsxNnhXMkJ6MkZjRlhtRnF5U1R6WT0=,L1dqOEIwNHI2cDNXYlo3OTRRSFFpeXZ2eDhaRDFDVmtXbjhUb0FKdElKRUJBVkNJZngrNklXZ2tzdXZBeVBVVXBrdW5XWkw3TzB2UFdZM0Y1QWxHMnpVZTNwWXFoM3k1eEFERWlPR3c0d1llUWRZYk9kUkkxOHNVcURnYlhQN2Q=,bndHN1d6U1cvYXdoSzJsWWJYYndMNWxvMmRvbm1kTW9lWkZXM0F5SXpVbz0=,cTVSNEJZcm1HQnBHTUJlNEdpRUxHN214dTU3NitDTzV5TU96Ymk2L3JkaDdDSFVROVB6OWxJZU5pdTlLQXhYRjdCeEtNaTI1d0ZROC9RN1NHTVlwcjh3clE5QnpjanpKUmdQeXI2UGtqd0ZGOW1UdlJPOWNjUGI5TEE0R0dqOWhhd2MvaDdkb3FVTUM4MTlyOGErZXVYZTRBSHk5a3BYaFNIeE5ibTRaUU9teFVRWmRwYXRZQlJ5UVZ2ZVJqNmZkQU1hMEVDVkJxMzNUTXdVeDh4TWFncnp6OTJOYkh3TXBNaWkwWlF3QkpZSWE4UEtPNHlGeHdDZDdjT3gzdjI3YjBoRnM5ZFhYeFc5aFIyaVZtUE1JRmRqTjhGYlVxcjNEcHVsU3JybnZzS01tUlZBckhWd1VRZURYOUhuWXg1VGl3N3dDQmFBSGxRMW41R0ljME5XMlNCOUhlSkl0VEJLbHAyQWJmMmlCOWRXWlVFdnhWWm9lTnM4bWlyeTkwcWt0SHJ4M2lPODFycUM0aXZvNzBXM2dtNHRCMHJoWVJyNFdYcDVYK1pXeHpUdFI0aElUWmxjdTRHdUlMbnJNcTRNajc1dDZmUGoxcWcxUDdaM1J1dnl3UHpwUXFFc1pUOTVaYU0rdjNJcVpkMXdScVRndno4WUsyV0RCakdnNXZ1c0czeHRIc0VhbTh4Y2FnRllISXZEaHJCN2N1OWRSRmpjR25iSlFTSjF2T3VQOWZjM0EvUExTTmdIQnYwTGRERmQxZmM3c1BYYmRFWkcyZU1yN1pnM2lCSUsrdHE5K3NLbEoxSjE0WnlLdmh3MTdnY2JqbXlIUTBaN3RIQUZBa1lnSGlvQ0tWVmNsRTEvSW5HOWx5dTBxdXc9PQ==
NkIxclN1M2xPTFAxZ3NoakwzWktNaEhsdVFtZHMwcVhDRzluMnNzZFZGST0=,dWdZRGM3LzQ4OVlnRHNsN1NBTDhKek5TN3FOMDBjZTdnMGVMMXQzQWgzZz0=,NkIxclN1M2xPTFAxZ3NoakwzWktNaEhsdVFtZHMwcVhDRzluMnNzZFZGST0=,VzVyTmJrYXZheGRicnJobG1VcXhqMGsxNnhXMkJ6MkZjRlhtRnF5U1R6WT0=,L1dqOEIwNHI2cDNXYlo3OTRRSFFpeXZ2eDhaRDFDVmtXbjhUb0FKdElKRUJBVkNJZngrNklXZ2tzdXZBeVBVVXBrdW5XWkw3TzB2UFdZM0Y1QWxHMjA3eE14bnZJV1pLblJUSGxDZmFnZG5Hd2pYcVVqc201QlZIa1Ivd21LMHk=,bndHN1d6U1cvYXdoSzJsWWJYYndMNWxvMmRvbm1kTW9lWkZXM0F5SXpVbz0=,cTVSNEJZcm1HQnBHTUJlNEdpRUxHN214dTU3NitDTzV5TU96Ymk2L3JkaDdDSFVROVB6OWxJZU5pdTlLQXhYRjdCeEtNaTI1d0ZROC9RN1NHTVlwcjh3clE5QnpjanpKUmdQeXI2UGtqd0ZGOW1UdlJPOWNjUGI5TEE0R0dqOWhhd2MvaDdkb3FVTUM4MTlyOGErZXVYZTRBSHk5a3BYaFNIeE5ibTRaUU9teFVRWmRwYXRZQlJ5UVZ2ZVJqNmZkQU1hMEVDVkJxMzNUTXdVeDh4TWFncnp6OTJOYkh3TXBNaWkwWlF3QkpZSWE4UEtPNHlGeHdDZDdjT3gzdjI3YjBoRnM5ZFhYeFc5aFIyaVZtUE1JRmRqTjhGYlVxcjNEcHVsU3JybnZzS01tUlZBckhWd1VRZURYOUhuWXg1VGl3N3dDQmFBSGxRMW41R0ljME5XMlNCOUhlSkl0VEJLbHAyQWJmMmlCOWRXWlVFdnhWWm9lTnM4bWlyeTkwcWt0SHJ4M2lPODFycUM0aXZvNzBXM2dtNHRCMHJoWVJyNFdYcDVYK1pXeHpUdFI0aElUWmxjdTRHdUlMbnJNcTRNajc1dDZmUGoxcWcxUDdaM1J1dnl3UHpwUXFFc1pUOTVaYU0rdjNJcVpkMXdScVRndno4WUsyV0RCakdnNXZ1c0czeHRIc0VhbTh4Y2FnRllISXZEaHJCN2N1OWRSRmpjR25iSlFTSjF2T3VQOWZjM0EvUExTTmdIQnYwTGRERmQxZmM3c1BYYmRFWkcyZU1yN1pnM2lCSUsrdHE5K3NLbEoxSjE0WnlLdmh3MTdnY2JqbXlIUTBaN3RIQUZBa1lnSGlvQ0tWVmNsRTEvSW5HOWx5dTBxdXc9PQ==
L0IxL1hMWTJoZUUyc0dyS1BsMEFZOFNLWUlUOFZrWFR5cGFPWDdybXJ4Zz0=,dWdZRGM3LzQ4OVlnRHNsN1NBTDhKek5TN3FOMDBjZTdnMGVMMXQzQWgzZz0=,L0IxL1hMWTJoZUUyc0dyS1BsMEFZOFNLWUlUOFZrWFR5cGFPWDdybXJ4Zz0=,VzVyTmJrYXZheGRicnJobG1VcXhqMGsxNnhXMkJ6MkZjRlhtRnF5U1R6WT0=,L1dqOEIwNHI2cDNXYlo3OTRRSFFpeXZ2eDhaRDFDVmtXbjhUb0FKdElKRUJBVkNJZngrNklXZ2tzdXZBeVBVVXBrdW5XWkw3TzB2UFdZM0Y1QWxHMnpFcmhERDZzNWRUUnQwd21DdWJyOFV4V0ZmTWxTbERkUndHMDBFYTI5eTA=,bndHN1d6U1cvYXdoSzJsWWJYYndMNWxvMmRvbm1kTW9lWkZXM0F5SXpVbz0=,cTVSNEJZcm1HQnBHTUJlNEdpRUxHN214dTU3NitDTzV5TU96Ymk2L3JkaDdDSFVROVB6OWxJZU5pdTlLQXhYRjdCeEtNaTI1d0ZROC9RN1NHTVlwcjh3clE5QnpjanpKUmdQeXI2UGtqd0ZGOW1UdlJPOWNjUGI5TEE0R0dqOWhhd2MvaDdkb3FVTUM4MTlyOGErZXVYZTRBSHk5a3BYaFNIeE5ibTRaUU9teFVRWmRwYXRZQlJ5UVZ2ZVJqNmZkQU1hMEVDVkJxMzNUTXdVeDh4TWFncnp6OTJOYkh3TXBNaWkwWlF3QkpZSWE4UEtPNHlGeHdDZDdjT3gzdjI3YjBoRnM5ZFhYeFc5aFIyaVZtUE1JRmRqTjhGYlVxcjNEcHVsU3JybnZzS01tUlZBckhWd1VRZURYOUhuWXg1VGl3N3dDQmFBSGxRMW41R0ljME5XMlNCOUhlSkl0VEJLbHAyQWJmMmlCOWRXWlVFdnhWWm9lTnM4bWlyeTkwcWt0SHJ4M2lPODFycUM0aXZvNzBXM2dtNHRCMHJoWVJyNFdYcDVYK1pXeHpUdFI0aElUWmxjdTRHdUlMbnJNcTRNajc1dDZmUGoxcWcxUDdaM1J1dnl3UHpwUXFFc1pUOTVaYU0rdjNJcVpkMXdScVRndno4WUsyV0RCakdnNXZ1c0czeHRIc0VhbTh4Y2FnRllISXZEaHJCN2N1OWRSRmpjR25iSlFTSjF2T3VQYzFQZE1EMThWbVVGOXY5R21VdnhxMExQdWVzUmRYT1R5T1JwNzQzUW1DSFFaQUg1S2FiOUo4RkN6NEdpRDFwTFNKZ1l3RVB1OFVFMnR0Y0k5aEVEZHZBMHBOVHdtMzRrbE9COFB5MWpjeUpyS080SGRhWHlld2tFci90clpKREk9
L0IxL1hMWTJoZUUyc0dyS1BsMEFZOFNLWUlUOFZrWFR5cGFPWDdybXJ4Zz0=,YWREWmwrWEVpVlpFNG12ejJoQ2JIZXlyYVU1dFZ5TmlhNE96OWJ5T2xmUT0=,L0IxL1hMWTJoZUUyc0dyS1BsMEFZOFNLWUlUOFZrWFR5cGFPWDdybXJ4Zz0=,VzVyTmJrYXZheGRicnJobG1VcXhqMGsxNnhXMkJ6MkZjRlhtRnF5U1R6WT0=,YXhPbkdoWUFZTUEreFlZOGt4K1FtK2hIbk9IeTBaYmgxQThLcm5xVlorOHA5a1pWOCtnUDhFSm9qUVpGM2tkaTJPS1V2V3BXMnBEdjFYTkhJVGhMQXc9PQ==,bndHN1d6U1cvYXdoSzJsWWJYYndMNWxvMmRvbm1kTW9lWkZXM0F5SXpVbz0=,cTVSNEJZcm1HQnBHTUJlNEdpRUxHN3A0bHQrV2UxWVpVT1ZITEg3bUgzakhjRHhMSE95WlJHZ09jODJobjJLbVBySXFpYWs3M05VRjA0RUp5bVpLenNxR3YrUDlIUHl4M0REN05jZFlPWkR2QnIrZWhGb0dreGJqc2Y3OFJpcjI1SllsQ2FKV3BkWE5hYmgvTExYZ0ZnYUV1VHRsOWZqamdPTWpQYTB0TGlpSkFXeDlQdVV6Zm16ZXJMbEUxT2s2S29tbUZ3RDFEam5jTkZCdXd1LytqNmxaYXU1Y2xtQmtwb2d3T2ZLdVJwK2FsMnV6QUZxcnoxdW1tazI3c1grOFRxZTN4R3VqVlN2dXhtRksyaVNNZ2VKMU82UVYveGZuN2hpY2VrdStKUWhMd1JnTXZKMHRjOXRSQmRrTVJYdFUzUjQ0TXgzU1RqZnBKRzBQNmFlWTlWUFdlajJoVUFtK052ZHMxMXkzTEpwLzVYS3JTUXZwckRxVnU0TlM0QlZLNGlzdXgwREVOQ3QybUJPYW5oendoZVYwNFFuUTdUVHNySTQ4aDRFMEdOYzZzYmRWcGtZZkZnd2lQeVhvekNFR1NWVTNqTmVtS2xob0pCcmV2TWRIcFlUZndwT0tKc1RQdFJnM2NIUHZXTW5rQ2pqSHRnbnVTT2k1ODdaY2Fzck0=
blRFSVNOTWJNU240UXdWbS94R0twNzlCNkF1TktaeW85YXV3SFZIei95cz0=,dWdZRGM3LzQ4OVlnRHNsN1NBTDhKek5TN3FOMDBjZTdnMGVMMXQzQWgzZz0=,blRFSVNOTWJNU240UXdWbS94R0twNzlCNkF1TktaeW85YXV3SFZIei95cz0=,VzVyTmJrYXZheGRicnJobG1VcXhqMGsxNnhXMkJ6MkZjRlhtRnF5U1R6WT0=,L1dqOEIwNHI2cDNXYlo3OTRRSFFpeXZ2eDhaRDFDVmtXbjhUb0FKdElKRUJBVkNJZngrNklXZ2tzdXZBeVBVVXBrdW5XWkw3TzB2UFdZM0Y1QWxHMnh6L3RHU3BxdHZlT0tGSUNzZTFucVJub3BscUFQczEyOUVJUUF0R0RQYjc=,bndHN1d6U1cvYXdoSzJsWWJYYndMNWxvMmRvbm1kTW9lWkZXM0F5SXpVbz0=,cTVSNEJZcm1HQnBHTUJlNEdpRUxHN214dTU3NitDTzV5TU96Ymk2L3JkaDdDSFVROVB6OWxJZU5pdTlLQXhYRjdCeEtNaTI1d0ZROC9RN1NHTVlwcjh3clE5QnpjanpKUmdQeXI2UGtqd0ZGOW1UdlJPOWNjUGI5TEE0R0dqOWhhd2MvaDdkb3FVTUM4MTlyOGErZXVYZTRBSHk5a3BYaFNIeE5ibTRaUU9teFVRWmRwYXRZQlJ5UVZ2ZVJqNmZkQU1hMEVDVkJxMzNUTXdVeDh4TWFncnp6OTJOYkh3TXBNaWkwWlF3QkpZSWE4UEtPNHlGeHdDZDdjT3gzdjI3YjBoRnM5ZFhYeFc5aFIyaVZtUE1JRmRqTjhGYlVxcjNEcHVsU3JybnZzS01tUlZBckhWd1VRZURYOUhuWXg1VGl3N3dDQmFBSGxRMW41R0ljME5XMlNCOUhlSkl0VEJLbHAyQWJmMmlCOWRXWlVFdnhWWm9lTnM4bWlyeTkwcWt0SHJ4M2lPODFycUM0aXZvNzBXM2dtNHRCMHJoWVJyNFdYcDVYK1pXeHpUdFI0aElUWmxjdTRHdUlMbnJNcTRNajc1dDZmUGoxcWcxUDdaM1J1dnl3UHpwUXFFc1pUOTVaYU0rdjNJcVpkMXdScVRndno4WUsyV0RCakdnNXZ1c0czeHRIc0VhbTh4Y2FnRllISXZEaHJCN2N1OWRSRmpjR25iSlFTSjF2T3VQOWZjM0EvUExTTmdIQnYwTGRERmQxZmM3c1BYYmRFWkcyZU1yN1pnM2lCSUsrdHE5K3NLbEoxSjE0WnlLdmh3MTdnY2JqbXlIUTBaN3RIQUZBa1lnSGlvQ0tWVmNsRTEvSW5HOWx5dTBxdXc9PQ==
L1lmcEdDS0VyVVlBS2hoekRXRXF3T1VvaUZIMFR5bGhZYU1QRWlPK2prVT0=,dWdZRGM3LzQ4OVlnRHNsN1NBTDhKek5TN3FOMDBjZTdnMGVMMXQzQWgzZz0=,L1lmcEdDS0VyVVlBS2hoekRXRXF3T1VvaUZIMFR5bGhZYU1QRWlPK2prVT0=,VzVyTmJrYXZheGRicnJobG1VcXhqMGsxNnhXMkJ6MkZjRlhtRnF5U1R6WT0=,L1dqOEIwNHI2cDNXYlo3OTRRSFFpeXZ2eDhaRDFDVmtXbjhUb0FKdElKRUJBVkNJZngrNklXZ2tzdXZBeVBVVXBrdW5XWkw3TzB2UFdZM0Y1QWxHMjhoZDZ1QWRzbmIwdFl4aS9NaEQxbXN4SldJTHBWZnM0NnhwT0dPY0o1a1E=,bndHN1d6U1cvYXdoSzJsWWJYYndMNWxvMmRvbm1kTW9lWkZXM0F5SXpVbz0=,cTVSNEJZcm1HQnBHTUJlNEdpRUxHN214dTU3NitDTzV5TU96Ymk2L3JkaDdDSFVROVB6OWxJZU5pdTlLQXhYRjdCeEtNaTI1d0ZROC9RN1NHTVlwcjh3clE5QnpjanpKUmdQeXI2UGtqd0ZGOW1UdlJPOWNjUGI5TEE0R0dqOWhhd2MvaDdkb3FVTUM4MTlyOGErZXVYZTRBSHk5a3BYaFNIeE5ibTRaUU9teFVRWmRwYXRZQlJ5UVZ2ZVJqNmZkQU1hMEVDVkJxMzNUTXdVeDh4TWFncnp6OTJOYkh3TXBNaWkwWlF3QkpZSWE4UEtPNHlGeHdDZDdjT3gzdjI3YjBoRnM5ZFhYeFc5aFIyaVZtUE1JRmRqTjhGYlVxcjNEcHVsU3JybnZzS01tUlZBckhWd1VRZURYOUhuWXg1VGl3N3dDQmFBSGxRMW41R0ljME5XMlNCOUhlSkl0VEJLbHAyQWJmMmlCOWRXWlVFdnhWWm9lTnM4bWlyeTkwcWt0SHJ4M2lPODFycUM0aXZvNzBXM2dtNHRCMHJoWVJyNFdYcDVYK1pXeHpUdFI0aElUWmxjdTRHdUlMbnJNcTRNajc1dDZmUGoxcWcxUDdaM1J1dnl3UHpwUXFFc1pUOTVaYU0rdjNJcVpkMXdScVRndno4WUsyV0RCakdnNXZ1c0czeHRIc0VhbTh4Y2FnRllISXZEaHJCN2N1OWRSRmpjR25iSlFTSjF2T3VQYzFQZE1EMThWbVVGOXY5R21VdnhxMExQdWVzUmRYT1R5T1JwNzQzUW1DSFFaQUg1S2FiOUo4RkN6NEdpRDFwTFNKZ1l3RVB1OFVFMnR0Y0k5aEVEZHZBMHBOVHdtMzRrbE9COFB5MWpjeUpyS080SGRhWHlld2tFci90clpKREk9
L1lmcEdDS0VyVVlBS2hoekRXRXF3T1VvaUZIMFR5bGhZYU1QRWlPK2prVT0=,YWREWmwrWEVpVlpFNG12ejJoQ2JIZXlyYVU1dFZ5TmlhNE96OWJ5T2xmUT0=,L1lmcEdDS0VyVVlBS2hoekRXRXF3T1VvaUZIMFR5bGhZYU1QRWlPK2prVT0=,VzVyTmJrYXZheGRicnJobG1VcXhqMGsxNnhXMkJ6MkZjRlhtRnF5U1R6WT0=,YXhPbkdoWUFZTUEreFlZOGt4K1FtK2hIbk9IeTBaYmgxQThLcm5xVlorOHA5a1pWOCtnUDhFSm9qUVpGM2tkaTJPS1V2V3BXMnBEdjFYTkhJVGhMQXc9PQ==,bndHN1d6U1cvYXdoSzJsWWJYYndMNWxvMmRvbm1kTW9lWkZXM0F5SXpVbz0=,cTVSNEJZcm1HQnBHTUJlNEdpRUxHN3A0bHQrV2UxWVpVT1ZITEg3bUgzakhjRHhMSE95WlJHZ09jODJobjJLbVBySXFpYWs3M05VRjA0RUp5bVpLenNxR3YrUDlIUHl4M0REN05jZFlPWkR2QnIrZWhGb0dreGJqc2Y3OFJpcjI1SllsQ2FKV3BkWE5hYmgvTExYZ0ZnYUV1VHRsOWZqamdPTWpQYTB0TGlpSkFXeDlQdVV6Zm16ZXJMbEUxT2s2S29tbUZ3RDFEam5jTkZCdXd1LytqNmxaYXU1Y2xtQmtwb2d3T2ZLdVJwK2FsMnV6QUZxcnoxdW1tazI3c1grOFRxZTN4R3VqVlN2dXhtRksyaVNNZ2VKMU82UVYveGZuN2hpY2VrdStKUWhMd1JnTXZKMHRjOXRSQmRrTVJYdFUzUjQ0TXgzU1RqZnBKRzBQNmFlWTlWUFdlajJoVUFtK052ZHMxMXkzTEpwLzVYS3JTUXZwckRxVnU0TlM0QlZLNGlzdXgwREVOQ3QybUJPYW5oendoZVYwNFFuUTdUVHNySTQ4aDRFMEdOYzZzYmRWcGtZZkZnd2lQeVhvekNFR1NWVTNqTmVtS2xob0pCcmV2TWRIcFlUZndwT0tKc1RQdFJnM2NIUHZXTW5rQ2pqSHRnbnVTT2k1ODdaY2Fzck0=
Rm1oUDUyMUhTNkZwVjVabGJoVHN5TUlLeEx4bHZINHZ1dTYxcHFLSFJ5Zz0=,dWdZRGM3LzQ4OVlnRHNsN1NBTDhKek5TN3FOMDBjZTdnMGVMMXQzQWgzZz0=,Rm1oUDUyMUhTNkZwVjVabGJoVHN5TUlLeEx4bHZINHZ1dTYxcHFLSFJ5Zz0=,VzVyTmJrYXZheGRicnJobG1VcXhqMGsxNnhXMkJ6MkZjRlhtRnF5U1R6WT0=,L1dqOEIwNHI2cDNXYlo3OTRRSFFpeXZ2eDhaRDFDVmtXbjhUb0FKdElKRUJBVkNJZngrNklXZ2tzdXZBeVBVVXBrdW5XWkw3TzB2UFdZM0Y1QWxHMjBSVmNjekRnOEdxeEpCZmlvSVdHNmJZTkQzNmRFNGVPVTZuWmZublpxSVk=,bndHN1d6U1cvYXdoSzJsWWJYYndMNWxvMmRvbm1kTW9lWkZXM0F5SXpVbz0=,cTVSNEJZcm1HQnBHTUJlNEdpRUxHN214dTU3NitDTzV5TU96Ymk2L3JkaDdDSFVROVB6OWxJZU5pdTlLQXhYRjdCeEtNaTI1d0ZROC9RN1NHTVlwcjh3clE5QnpjanpKUmdQeXI2UGtqd0ZGOW1UdlJPOWNjUGI5TEE0R0dqOWhhd2MvaDdkb3FVTUM4MTlyOGErZXVYZTRBSHk5a3BYaFNIeE5ibTRaUU9teFVRWmRwYXRZQlJ5UVZ2ZVJqNmZkQU1hMEVDVkJxMzNUTXdVeDh4TWFncnp6OTJOYkh3TXBNaWkwWlF3QkpZSWE4UEtPNHlGeHdDZDdjT3gzdjI3YjBoRnM5ZFhYeFc5aFIyaVZtUE1JRmRqTjhGYlVxcjNEcHVsU3JybnZzS01tUlZBckhWd1VRZURYOUhuWXg1VGl3N3dDQmFBSGxRMW41R0ljME5XMlNCOUhlSkl0VEJLbHAyQWJmMmlCOWRXWlVFdnhWWm9lTnM4bWlyeTkwcWt0SHJ4M2lPODFycUM0aXZvNzBXM2dtNHRCMHJoWVJyNFdYcDVYK1pXeHpUdFI0aElUWmxjdTRHdUlMbnJNcTRNajc1dDZmUGoxcWcxUDdaM1J1dnl3UHpwUXFFc1pUOTVaYU0rdjNJcVpkMXdScVRndno4WUsyV0RCakdnNXZ1c0czeHRIc0VhbTh4Y2FnRllISXZEaHJCN2N1OWRSRmpjR25iSlFTSjF2T3VQYzFQZE1EMThWbVVGOXY5R21VdnhxMExQdWVzUmRYT1R5T1JwNzQzUW1DSFFaQUg1S2FiOUo4RkN6NEdpRDFwTFNKZ1l3RVB1OFVFMnR0Y0k5aEVEZHZBMHBOVHdtMzRrbE9COFB5MWpjeUpyS080SGRhWHlld2tFci90clpKREk9
Rm1oUDUyMUhTNkZwVjVabGJoVHN5TUlLeEx4bHZINHZ1dTYxcHFLSFJ5Zz0=,YWREWmwrWEVpVlpFNG12ejJoQ2JIZXlyYVU1dFZ5TmlhNE96OWJ5T2xmUT0=,Rm1oUDUyMUhTNkZwVjVabGJoVHN5TUlLeEx4bHZINHZ1dTYxcHFLSFJ5Zz0=,VzVyTmJrYXZheGRicnJobG1VcXhqMGsxNnhXMkJ6MkZjRlhtRnF5U1R6WT0=,YXhPbkdoWUFZTUEreFlZOGt4K1FtK2hIbk9IeTBaYmgxQThLcm5xVlorOHA5a1pWOCtnUDhFSm9qUVpGM2tkaTJPS1V2V3BXMnBEdjFYTkhJVGhMQXc9PQ==,bndHN1d6U1cvYXdoSzJsWWJYYndMNWxvMmRvbm1kTW9lWkZXM0F5SXpVbz0=,cTVSNEJZcm1HQnBHTUJlNEdpRUxHN3A0bHQrV2UxWVpVT1ZITEg3bUgzakhjRHhMSE95WlJHZ09jODJobjJLbVBySXFpYWs3M05VRjA0RUp5bVpLenNxR3YrUDlIUHl4M0REN05jZFlPWkR2QnIrZWhGb0dreGJqc2Y3OFJpcjI1SllsQ2FKV3BkWE5hYmgvTExYZ0ZnYUV1VHRsOWZqamdPTWpQYTB0TGlpSkFXeDlQdVV6Zm16ZXJMbEUxT2s2S29tbUZ3RDFEam5jTkZCdXd1LytqNmxaYXU1Y2xtQmtwb2d3T2ZLdVJwK2FsMnV6QUZxcnoxdW1tazI3c1grOFRxZTN4R3VqVlN2dXhtRksyaVNNZ2VKMU82UVYveGZuN2hpY2VrdStKUWhMd1JnTXZKMHRjOXRSQmRrTVJYdFUzUjQ0TXgzU1RqZnBKRzBQNmFlWTlWUFdlajJoVUFtK052ZHMxMXkzTEpwLzVYS3JTUXZwckRxVnU0TlM0QlZLNGlzdXgwREVOQ3QybUJPYW5oendoZVYwNFFuUTdUVHNySTQ4aDRFMEdOYzZzYmRWcGtZZkZnd2lQeVhvekNFR1NWVTNqTmVtS2xob0pCcmV2TWRIcFlUZndwT0tKc1RQdFJnM2NIUHZXTW5rQ2pqSHRnbnVTT2k1ODdaY2Fzck0=
alBmemJ6UmlOL1dvaFRsMHM3UzdjYm91M2djYVMrMG80Wi9qWWw2ZDhXYz0=,dWdZRGM3LzQ4OVlnRHNsN1NBTDhKek5TN3FOMDBjZTdnMGVMMXQzQWgzZz0=,alBmemJ6UmlOL1dvaFRsMHM3UzdjYm91M2djYVMrMG80Wi9qWWw2ZDhXYz0=,VzVyTmJrYXZheGRicnJobG1VcXhqMGsxNnhXMkJ6MkZjRlhtRnF5U1R6WT0=,L1dqOEIwNHI2cDNXYlo3OTRRSFFpeXZ2eDhaRDFDVmtXbjhUb0FKdElKRUJBVkNJZngrNklXZ2tzdXZBeVBVVXBrdW5XWkw3TzB2UFdZM0Y1QWxHMjJXKzg0M0NMUTkyNTVXb3ZyeWVIanJOZ1hOUHNHUEk3Vys2Y0wrdFV2M2U=,bndHN1d6U1cvYXdoSzJsWWJYYndMNWxvMmRvbm1kTW9lWkZXM0F5SXpVbz0=,cTVSNEJZcm1HQnBHTUJlNEdpRUxHN214dTU3NitDTzV5TU96Ymk2L3JkaDdDSFVROVB6OWxJZU5pdTlLQXhYRjdCeEtNaTI1d0ZROC9RN1NHTVlwcjh3clE5QnpjanpKUmdQeXI2UGtqd0ZGOW1UdlJPOWNjUGI5TEE0R0dqOWhhd2MvaDdkb3FVTUM4MTlyOGErZXVYZTRBSHk5a3BYaFNIeE5ibTRaUU9teFVRWmRwYXRZQlJ5UVZ2ZVJqNmZkQU1hMEVDVkJxMzNUTXdVeDh4TWFncnp6OTJOYkh3TXBNaWkwWlF3QkpZSWE4UEtPNHlGeHdDZDdjT3gzdjI3YjBoRnM5ZFhYeFc5aFIyaVZtUE1JRmRqTjhGYlVxcjNEcHVsU3JybnZzS01tUlZBckhWd1VRZURYOUhuWXg1VGl3N3dDQmFBSGxRMW41R0ljME5XMlNCOUhlSkl0VEJLbHAyQWJmMmlCOWRXWlVFdnhWWm9lTnM4bWlyeTkwcWt0SHJ4M2lPODFycUM0aXZvNzBXM2dtNHRCMHJoWVJyNFdYcDVYK1pXeHpUdFI0aElUWmxjdTRHdUlMbnJNcTRNajc1dDZmUGoxcWcxUDdaM1J1dnl3UHpwUXFFc1pUOTVaYU0rdjNJcVpkMXdScVRndno4WUsyV0RCakdnNXZ1c0czeHRIc0VhbTh4Y2FnRllISXZEaHJCN2N1OWRSRmpjR25iSlFTSjF2T3VQYzFQZE1EMThWbVVGOXY5R21VdnhxMExQdWVzUmRYT1R5T1JwNzQzUW1DSFFaQUg1S2FiOUo4RkN6NEdpRDFwTFNKZ1l3RVB1OFVFMnR0Y0k5aEVEZHZBMHBOVHdtMzRrbE9COFB5MWpjeUpyS080SGRhWHlld2tFci90clpKREk9
alBmemJ6UmlOL1dvaFRsMHM3UzdjYm91M2djYVMrMG80Wi9qWWw2ZDhXYz0=,YWREWmwrWEVpVlpFNG12ejJoQ2JIZXlyYVU1dFZ5TmlhNE96OWJ5T2xmUT0=,alBmemJ6UmlOL1dvaFRsMHM3UzdjYm91M2djYVMrMG80Wi9qWWw2ZDhXYz0=,VzVyTmJrYXZheGRicnJobG1VcXhqMGsxNnhXMkJ6MkZjRlhtRnF5U1R6WT0=,YXhPbkdoWUFZTUEreFlZOGt4K1FtK2hIbk9IeTBaYmgxQThLcm5xVlorOHA5a1pWOCtnUDhFSm9qUVpGM2tkaTJPS1V2V3BXMnBEdjFYTkhJVGhMQXc9PQ==,bndHN1d6U1cvYXdoSzJsWWJYYndMNWxvMmRvbm1kTW9lWkZXM0F5SXpVbz0=,cTVSNEJZcm1HQnBHTUJlNEdpRUxHN3A0bHQrV2UxWVpVT1ZITEg3bUgzakhjRHhMSE95WlJHZ09jODJobjJLbVBySXFpYWs3M05VRjA0RUp5bVpLenNxR3YrUDlIUHl4M0REN05jZFlPWkR2QnIrZWhGb0dreGJqc2Y3OFJpcjI1SllsQ2FKV3BkWE5hYmgvTExYZ0ZnYUV1VHRsOWZqamdPTWpQYTB0TGlpSkFXeDlQdVV6Zm16ZXJMbEUxT2s2S29tbUZ3RDFEam5jTkZCdXd1LytqNmxaYXU1Y2xtQmtwb2d3T2ZLdVJwK2FsMnV6QUZxcnoxdW1tazI3c1grOFRxZTN4R3VqVlN2dXhtRksyaVNNZ2VKMU82UVYveGZuN2hpY2VrdStKUWhMd1JnTXZKMHRjOXRSQmRrTVJYdFUzUjQ0TXgzU1RqZnBKRzBQNmFlWTlWUFdlajJoVUFtK052ZHMxMXkzTEpwLzVYS3JTUXZwckRxVnU0TlM0QlZLNGlzdXgwREVOQ3QybUJPYW5oendoZVYwNFFuUTdUVHNySTQ4aDRFMEdOYzZzYmRWcGtZZkZnd2lQeVhvekNFR1NWVTNqTmVtS2xob0pCcmV2TWRIcFlUZndwT0tKc1RQdFJnM2NIUHZXTW5rQ2pqSHRnbnVTT2k1ODdaY2Fzck0=
K05Hd2xXRXBCejBOZG01a3JhcW1GRzRjbmRNaEFLNEIrMk56TkZBQnpUZz0=,dWdZRGM3LzQ4OVlnRHNsN1NBTDhKek5TN3FOMDBjZTdnMGVMMXQzQWgzZz0=,K05Hd2xXRXBCejBOZG01a3JhcW1GRzRjbmRNaEFLNEIrMk56TkZBQnpUZz0=,VzVyTmJrYXZheGRicnJobG1VcXhqMGsxNnhXMkJ6MkZjRlhtRnF5U1R6WT0=,L1dqOEIwNHI2cDNXYlo3OTRRSFFpeXZ2eDhaRDFDVmtXbjhUb0FKdElKRUJBVkNJZngrNklXZ2tzdXZBeVBVVXBrdW5XWkw3TzB2UFdZM0Y1QWxHMjlvZ20vWWNzck94VWp0RUh2RlR0NWFycjZMVEVSeHRQYklXbXZuMTdGOEk=,bndHN1d6U1cvYXdoSzJsWWJYYndMNWxvMmRvbm1kTW9lWkZXM0F5SXpVbz0=,cTVSNEJZcm1HQnBHTUJlNEdpRUxHN214dTU3NitDTzV5TU96Ymk2L3JkaDdDSFVROVB6OWxJZU5pdTlLQXhYRjdCeEtNaTI1d0ZROC9RN1NHTVlwcjh3clE5QnpjanpKUmdQeXI2UGtqd0ZGOW1UdlJPOWNjUGI5TEE0R0dqOWhhd2MvaDdkb3FVTUM4MTlyOGErZXVYZTRBSHk5a3BYaFNIeE5ibTRaUU9teFVRWmRwYXRZQlJ5UVZ2ZVJqNmZkQU1hMEVDVkJxMzNUTXdVeDh4TWFncnp6OTJOYkh3TXBNaWkwWlF3QkpZSWE4UEtPNHlGeHdDZDdjT3gzdjI3YjBoRnM5ZFhYeFc5aFIyaVZtUE1JRmRqTjhGYlVxcjNEcHVsU3JybnZzS01tUlZBckhWd1VRZURYOUhuWXg1VGl3N3dDQmFBSGxRMW41R0ljME5XMlNCOUhlSkl0VEJLbHAyQWJmMmlCOWRXWlVFdnhWWm9lTnM4bWlyeTkwcWt0SHJ4M2lPODFycUM0aXZvNzBXM2dtNHRCMHJoWVJyNFdYcDVYK1pXeHpUdFI0aElUWmxjdTRHdUlMbnJNcTRNajc1dDZmUGoxcWcxUDdaM1J1dnl3UHpwUXFFc1pUOTVaYU0rdjNJcVpkMXdScVRndno4WUsyV0RCakdnNXZ1c0czeHRIc0VhbTh4Y2FnRllISXZEaHJCN2N1OWRSRmpjR25iSlFTSjF2T3VQYzFQZE1EMThWbVVGOXY5R21VdnhxMExQdWVzUmRYT1R5T1JwNzQzUW1DSFFaQUg1S2FiOUo4RkN6NEdpRDFwTFNKZ1l3RVB1OFVFMnR0Y0k5aEVEZHZBMHBOVHdtMzRrbE9COFB5MWpjeUpyS080SGRhWHlld2tFci90clpKREk9
K05Hd2xXRXBCejBOZG01a3JhcW1GRzRjbmRNaEFLNEIrMk56TkZBQnpUZz0=,YWREWmwrWEVpVlpFNG12ejJoQ2JIZXlyYVU1dFZ5TmlhNE96OWJ5T2xmUT0=,K05Hd2xXRXBCejBOZG01a3JhcW1GRzRjbmRNaEFLNEIrMk56TkZBQnpUZz0=,VzVyTmJrYXZheGRicnJobG1VcXhqMGsxNnhXMkJ6MkZjRlhtRnF5U1R6WT0=,YXhPbkdoWUFZTUEreFlZOGt4K1FtK2hIbk9IeTBaYmgxQThLcm5xVlorOHA5a1pWOCtnUDhFSm9qUVpGM2tkaTJPS1V2V3BXMnBEdjFYTkhJVGhMQXc9PQ==,bndHN1d6U1cvYXdoSzJsWWJYYndMNWxvMmRvbm1kTW9lWkZXM0F5SXpVbz0=,cTVSNEJZcm1HQnBHTUJlNEdpRUxHN3A0bHQrV2UxWVpVT1ZITEg3bUgzakhjRHhMSE95WlJHZ09jODJobjJLbVBySXFpYWs3M05VRjA0RUp5bVpLenNxR3YrUDlIUHl4M0REN05jZFlPWkR2QnIrZWhGb0dreGJqc2Y3OFJpcjI1SllsQ2FKV3BkWE5hYmgvTExYZ0ZnYUV1VHRsOWZqamdPTWpQYTB0TGlpSkFXeDlQdVV6Zm16ZXJMbEUxT2s2S29tbUZ3RDFEam5jTkZCdXd1LytqNmxaYXU1Y2xtQmtwb2d3T2ZLdVJwK2FsMnV6QUZxcnoxdW1tazI3c1grOFRxZTN4R3VqVlN2dXhtRksyaVNNZ2VKMU82UVYveGZuN2hpY2VrdStKUWhMd1JnTXZKMHRjOXRSQmRrTVJYdFUzUjQ0TXgzU1RqZnBKRzBQNmFlWTlWUFdlajJoVUFtK052ZHMxMXkzTEpwLzVYS3JTUXZwckRxVnU0TlM0QlZLNGlzdXgwREVOQ3QybUJPYW5oendoZVYwNFFuUTdUVHNySTQ4aDRFMEdOYzZzYmRWcGtZZkZnd2lQeVhvekNFR1NWVTNqTmVtS2xob0pCcmV2TWRIcFlUZndwT0tKc1RQdFJnM2NIUHZXTW5rQ2pqSHRnbnVTT2k1ODdaY2Fzck0=
V2VVMmNGanpSbVZMcDVVZFZLRnRscjg3Tk5VdFhiSlc2bjh6MTI2NkJKND0=,dWdZRGM3LzQ4OVlnRHNsN1NBTDhKek5TN3FOMDBjZTdnMGVMMXQzQWgzZz0=,V2VVMmNGanpSbVZMcDVVZFZLRnRscjg3Tk5VdFhiSlc2bjh6MTI2NkJKND0=,VzVyTmJrYXZheGRicnJobG1VcXhqMGsxNnhXMkJ6MkZjRlhtRnF5U1R6WT0=,L1dqOEIwNHI2cDNXYlo3OTRRSFFpeXZ2eDhaRDFDVmtXbjhUb0FKdElKRUJBVkNJZngrNklXZ2tzdXZBeVBVVXBrdW5XWkw3TzB2UFdZM0Y1QWxHMjBBMGhJcVdYOEVkbURmdzBPMHYwVWhpNHRVTjFLMExTMzZTREhsekd1RWg=,bndHN1d6U1cvYXdoSzJsWWJYYndMNWxvMmRvbm1kTW9lWkZXM0F5SXpVbz0=,cTVSNEJZcm1HQnBHTUJlNEdpRUxHN214dTU3NitDTzV5TU96Ymk2L3JkaDdDSFVROVB6OWxJZU5pdTlLQXhYRjdCeEtNaTI1d0ZROC9RN1NHTVlwcjh3clE5QnpjanpKUmdQeXI2UGtqd0ZGOW1UdlJPOWNjUGI5TEE0R0dqOWhhd2MvaDdkb3FVTUM4MTlyOGErZXVYZTRBSHk5a3BYaFNIeE5ibTRaUU9teFVRWmRwYXRZQlJ5UVZ2ZVJqNmZkQU1hMEVDVkJxMzNUTXdVeDh4TWFncnp6OTJOYkh3TXBNaWkwWlF3QkpZSWE4UEtPNHlGeHdDZDdjT3gzdjI3YjBoRnM5ZFhYeFc5aFIyaVZtUE1JRmRqTjhGYlVxcjNEcHVsU3JybnZzS01tUlZBckhWd1VRZURYOUhuWXg1VGl3N3dDQmFBSGxRMW41R0ljME5XMlNCOUhlSkl0VEJLbHAyQWJmMmlCOWRXWlVFdnhWWm9lTnM4bWlyeTkwcWt0SHJ4M2lPODFycUM0aXZvNzBXM2dtNHRCMHJoWVJyNFdYcDVYK1pXeHpUdFI0aElUWmxjdTRHdUlMbnJNcTRNajc1dDZmUGoxcWcxUDdaM1J1dnl3UHpwUXFFc1pUOTVaYU0rdjNJcVpkMXdScVRndno4WUsyV0RCakdnNXZ1c0czeHRIc0VhbTh4Y2FnRllISXZEaHJCN2N1OWRSRmpjR25iSlFTSjF2T3VPM3pZaXZLZGNsa08zSTJSOWo5Q1ZzR3ZBK09iMjBFTGxyamRDc3N6cmpLbnhYLzFrNlY5TDZSV2JxSXkxbGZFaW1FQnpTT2Rzenc5a0tlTkZMR25mREVzcFFUZ1p5MzFDN25jNFhTWCt1UkNnNWlPZUxyVHU3TE8zRmVjTktEOG89
V2VVMmNGanpSbVZMcDVVZFZLRnRscjg3Tk5VdFhiSlc2bjh6MTI2NkJKND0=,YWREWmwrWEVpVlpFNG12ejJoQ2JIZXlyYVU1dFZ5TmlhNE96OWJ5T2xmUT0=,V2VVMmNGanpSbVZMcDVVZFZLRnRscjg3Tk5VdFhiSlc2bjh6MTI2NkJKND0=,VzVyTmJrYXZheGRicnJobG1VcXhqMGsxNnhXMkJ6MkZjRlhtRnF5U1R6WT0=,YXhPbkdoWUFZTUEreFlZOGt4K1FtK2hIbk9IeTBaYmgxQThLcm5xVlorOHA5a1pWOCtnUDhFSm9qUVpGM2tkaTJPS1V2V3BXMnBEdjFYTkhJVGhMQXc9PQ==,bndHN1d6U1cvYXdoSzJsWWJYYndMNWxvMmRvbm1kTW9lWkZXM0F5SXpVbz0=,cTVSNEJZcm1HQnBHTUJlNEdpRUxHN3A0bHQrV2UxWVpVT1ZITEg3bUgzakhjRHhMSE95WlJHZ09jODJobjJLbVBySXFpYWs3M05VRjA0RUp5bVpLenNxR3YrUDlIUHl4M0REN05jZFlPWkR2QnIrZWhGb0dreGJqc2Y3OFJpcjI1SllsQ2FKV3BkWE5hYmgvTExYZ0ZnYUV1VHRsOWZqamdPTWpQYTB0TGlpSkFXeDlQdVV6Zm16ZXJMbEUxT2s2S29tbUZ3RDFEam5jTkZCdXd1LytqNmxaYXU1Y2xtQmtwb2d3T2ZLdVJwK2FsMnV6QUZxcnoxdW1tazI3c1grOFRxZTN4R3VqVlN2dXhtRksyaVNNZ2VKMU82UVYveGZuN2hpY2VrdStKUWhMd1JnTXZKMHRjOXRSQmRrTVJYdFUzUjQ0TXgzU1RqZnBKRzBQNmFlWTlWUFdlajJoVUFtK052ZHMxMXkzTEpwLzVYS3JTUXZwckRxVnU0TlM0QlZLU28yVkJOTEFwY2FLY2QxTm5XeHI5bHhkdnJ1a2xWNWVyU0xTWldtejNiY0ZPVFk2VmFZbUFaSlZyc0Y4TlBnRXJFNUtiWnFQQU1sNW9HSFFIN0lqTE94ZGFXUVBodWdxL1pldXNnL1kzNGF2akMrNE1SMm1KY29iYng1Vjh5cXc=
V2VVMmNGanpSbVZMcDVVZFZLRnRscjg3Tk5VdFhiSlc2bjh6MTI2NkJKND0=,dWdZRGM3LzQ4OVlnRHNsN1NBTDhKek5TN3FOMDBjZTdnMGVMMXQzQWgzZz0=,V2VVMmNGanpSbVZMcDVVZFZLRnRscjg3Tk5VdFhiSlc2bjh6MTI2NkJKND0=,VzVyTmJrYXZheGRicnJobG1VcXhqMGsxNnhXMkJ6MkZjRlhtRnF5U1R6WT0=,L1dqOEIwNHI2cDNXYlo3OTRRSFFpeXZ2eDhaRDFDVmtXbjhUb0FKdElKRUJBVkNJZngrNklXZ2tzdXZBeVBVVXBrdW5XWkw3TzB2UFdZM0Y1QWxHMjBBMGhJcVdYOEVkbURmdzBPMHYwVWhpNHRVTjFLMExTMzZTREhsekd1RWg=,bndHN1d6U1cvYXdoSzJsWWJYYndMNWxvMmRvbm1kTW9lWkZXM0F5SXpVbz0=,cTVSNEJZcm1HQnBHTUJlNEdpRUxHN214dTU3NitDTzV5TU96Ymk2L3JkaDdDSFVROVB6OWxJZU5pdTlLQXhYRjdCeEtNaTI1d0ZROC9RN1NHTVlwcjh3clE5QnpjanpKUmdQeXI2UGtqd0ZGOW1UdlJPOWNjUGI5TEE0R0dqOWhhd2MvaDdkb3FVTUM4MTlyOGErZXVYZTRBSHk5a3BYaFNIeE5ibTRaUU9teFVRWmRwYXRZQlJ5UVZ2ZVJqNmZkQU1hMEVDVkJxMzNUTXdVeDh4TWFncnp6OTJOYkh3TXBNaWkwWlF3QkpZSWE4UEtPNHlGeHdDZDdjT3gzdjI3YjBoRnM5ZFhYeFc5aFIyaVZtUE1JRmRqTjhGYlVxcjNEcHVsU3JybnZzS01tUlZBckhWd1VRZURYOUhuWXg1VGl3N3dDQmFBSGxRMW41R0ljME5XMlNCOUhlSkl0VEJLbHAyQWJmMmlCOWRXWlVFdnhWWm9lTnM4bWlyeTkwcWt0SHJ4M2lPODFycUM0aXZvNzBXM2dtNHRCMHJoWVJyNFdYcDVYK1pXeHpUdFI0aElUWmxjdTRHdUlMbnJNcTRNajc1dDZmUGoxcWcxUDdaM1J1dnl3UHpwUXFFc1pUOTVaYU0rdjNJcVpkMXdScVRndno4WUsyV0RCakdnNXZ1c0czeHRIc0VhbTh4Y2FnRllISXZEaHJCN2N1OWRSRmpjR25iSlFTSjF2T3VQOWZjM0EvUExTTmdIQnYwTGRERmQxZmM3c1BYYmRFWkcyZU1yN1pnM2lCSUsrdHE5K3NLbEoxSjE0WnlLdmh3MTdnY2JqbXlIUTBaN3RIQUZBa1lnSGlvQ0tWVmNsRTEvSW5HOWx5dTBxdXc9PQ==
a3JyUzBnbm50eHp1ajA0WEJuSUxSeXc5Si9oWnU2VTdlUFIwZWJvK25NMD0=,dWdZRGM3LzQ4OVlnRHNsN1NBTDhKek5TN3FOMDBjZTdnMGVMMXQzQWgzZz0=,a3JyUzBnbm50eHp1ajA0WEJuSUxSeXc5Si9oWnU2VTdlUFIwZWJvK25NMD0=,VzVyTmJrYXZheGRicnJobG1VcXhqMGsxNnhXMkJ6MkZjRlhtRnF5U1R6WT0=,L1dqOEIwNHI2cDNXYlo3OTRRSFFpeXZ2eDhaRDFDVmtXbjhUb0FKdElKRUJBVkNJZngrNklXZ2tzdXZBeVBVVXBrdW5XWkw3TzB2UFdZM0Y1QWxHMnd3RWRwUWpHUWJMTUhZQ21NSDZ6UWF2a2x1dEVyd25nSGt3cWQ5blBFdEk=,bndHN1d6U1cvYXdoSzJsWWJYYndMNWxvMmRvbm1kTW9lWkZXM0F5SXpVbz0=,cTVSNEJZcm1HQnBHTUJlNEdpRUxHN214dTU3NitDTzV5TU96Ymk2L3JkaDdDSFVROVB6OWxJZU5pdTlLQXhYRjdCeEtNaTI1d0ZROC9RN1NHTVlwcjh3clE5QnpjanpKUmdQeXI2UGtqd0ZGOW1UdlJPOWNjUGI5TEE0R0dqOWhhd2MvaDdkb3FVTUM4MTlyOGErZXVYZTRBSHk5a3BYaFNIeE5ibTRaUU9teFVRWmRwYXRZQlJ5UVZ2ZVJqNmZkQU1hMEVDVkJxMzNUTXdVeDh4TWFncnp6OTJOYkh3TXBNaWkwWlF3QkpZSWE4UEtPNHlGeHdDZDdjT3gzdjI3YjBoRnM5ZFhYeFc5aFIyaVZtUE1JRmRqTjhGYlVxcjNEcHVsU3JybnZzS01tUlZBckhWd1VRZURYOUhuWXg1VGl3N3dDQmFBSGxRMW41R0ljME5XMlNCOUhlSkl0VEJLbHAyQWJmMmlCOWRXWlVFdnhWWm9lTnM4bWlyeTkwcWt0SHJ4M2lPODFycUM0aXZvNzBXM2dtNHRCMHJoWVJyNFdYcDVYK1pXeHpUdFI0aElUWmxjdTRHdUlMbnJNcTRNajc1dDZmUGoxcWcxUDdaM1J1dnl3UHpwUXFFc1pUOTVaYU0rdjNJcVpkMXdScVRndno4WUsyV0RCakdnNXZ1c0czeHRIc0VhbTh4Y2FnRllISXZEaHJCN2N1OWRSRmpjR25iSlFTSjF2T3VQOWZjM0EvUExTTmdIQnYwTGRERmQxZmM3c1BYYmRFWkcyZU1yN1pnM2lCSUsrdHE5K3NLbEoxSjE0WnlLdmh3MTdnY2JqbXlIUTBaN3RIQUZBa1lnSGlvQ0tWVmNsRTEvSW5HOWx5dTBxdXc9PQ==
MzduMkNja0thbzM5K091ZEdhZFl6dDJ0Vzh1TGVkL29rblB2MVJ2aGwybz0=,dWdZRGM3LzQ4OVlnRHNsN1NBTDhKek5TN3FOMDBjZTdnMGVMMXQzQWgzZz0=,MzduMkNja0thbzM5K091ZEdhZFl6dDJ0Vzh1TGVkL29rblB2MVJ2aGwybz0=,VzVyTmJrYXZheGRicnJobG1VcXhqMGsxNnhXMkJ6MkZjRlhtRnF5U1R6WT0=,L1dqOEIwNHI2cDNXYlo3OTRRSFFpeXZ2eDhaRDFDVmtXbjhUb0FKdElKRUJBVkNJZngrNklXZ2tzdXZBeVBVVXBrdW5XWkw3TzB2UFdZM0Y1QWxHMjRqMEs2SEdCWCtxOEhqQzlYRVFaUG5TRHQ0Sy9nZ3JCY2lBUGg5TEtYT1U=,bndHN1d6U1cvYXdoSzJsWWJYYndMNWxvMmRvbm1kTW9lWkZXM0F5SXpVbz0=,cTVSNEJZcm1HQnBHTUJlNEdpRUxHN214dTU3NitDTzV5TU96Ymk2L3JkaDdDSFVROVB6OWxJZU5pdTlLQXhYRjdCeEtNaTI1d0ZROC9RN1NHTVlwcjh3clE5QnpjanpKUmdQeXI2UGtqd0ZGOW1UdlJPOWNjUGI5TEE0R0dqOWhhd2MvaDdkb3FVTUM4MTlyOGErZXVYZTRBSHk5a3BYaFNIeE5ibTRaUU9teFVRWmRwYXRZQlJ5UVZ2ZVJqNmZkQU1hMEVDVkJxMzNUTXdVeDh4TWFncnp6OTJOYkh3TXBNaWkwWlF3QkpZSWE4UEtPNHlGeHdDZDdjT3gzdjI3YjBoRnM5ZFhYeFc5aFIyaVZtUE1JRmRqTjhGYlVxcjNEcHVsU3JybnZzS01tUlZBckhWd1VRZURYOUhuWXg1VGl3N3dDQmFBSGxRMW41R0ljME5XMlNCOUhlSkl0VEJLbHAyQWJmMmlCOWRXWlVFdnhWWm9lTnM4bWlyeTkwcWt0SHJ4M2lPODFycUM0aXZvNzBXM2dtNHRCMHJoWVJyNFdYcDVYK1pXeHpUdFI0aElUWmxjdTRHdUlMbnJNcTRNajc1dDZmUGoxcWcxUDdaM1J1dnl3UHpwUXFFc1pUOTVaYU0rdjNJcVpkMXdScVRndno4WUsyV0RCakdnNXZ1c0czeHRIc0VhbTh4Y2FnRllISXZEaHJCN2N1OWRSRmpjR25iSlFTSjF2T3VQOWZjM0EvUExTTmdIQnYwTGRERmQxZmM3c1BYYmRFWkcyZU1yN1pnM2lCSUsrdHE5K3NLbEoxSjE0WnlLdmh3MTdnY2JqbXlIUTBaN3RIQUZBa1lnSGlvQ0tWVmNsRTEvSW5HOWx5dTBxdXc9PQ==
Z0Z2QU0zbTNLbGI5TWNzVUIwS0FscS94SDRIbDNERkFrOFkyR0VQTzUvRT0=,dWdZRGM3LzQ4OVlnRHNsN1NBTDhKek5TN3FOMDBjZTdnMGVMMXQzQWgzZz0=,Z0Z2QU0zbTNLbGI5TWNzVUIwS0FscS94SDRIbDNERkFrOFkyR0VQTzUvRT0=,VzVyTmJrYXZheGRicnJobG1VcXhqMGsxNnhXMkJ6MkZjRlhtRnF5U1R6WT0=,L1dqOEIwNHI2cDNXYlo3OTRRSFFpeXZ2eDhaRDFDVmtXbjhUb0FKdElKRUJBVkNJZngrNklXZ2tzdXZBeVBVVXBrdW5XWkw3TzB2UFdZM0Y1QWxHMjJSampGekx5VmI1a3VVNkxhRUw1VVBOZHVnWlpPT1RCQ2VlVlFjYXJ0M2U=,bndHN1d6U1cvYXdoSzJsWWJYYndMNWxvMmRvbm1kTW9lWkZXM0F5SXpVbz0=,cTVSNEJZcm1HQnBHTUJlNEdpRUxHN214dTU3NitDTzV5TU96Ymk2L3JkaDdDSFVROVB6OWxJZU5pdTlLQXhYRjdCeEtNaTI1d0ZROC9RN1NHTVlwcjh3clE5QnpjanpKUmdQeXI2UGtqd0ZGOW1UdlJPOWNjUGI5TEE0R0dqOWhhd2MvaDdkb3FVTUM4MTlyOGErZXVYZTRBSHk5a3BYaFNIeE5ibTRaUU9teFVRWmRwYXRZQlJ5UVZ2ZVJqNmZkQU1hMEVDVkJxMzNUTXdVeDh4TWFncnp6OTJOYkh3TXBNaWkwWlF3QkpZSWE4UEtPNHlGeHdDZDdjT3gzdjI3YjBoRnM5ZFhYeFc5aFIyaVZtUE1JRmRqTjhGYlVxcjNEcHVsU3JybnZzS01tUlZBckhWd1VRZURYOUhuWXg1VGl3N3dDQmFBSGxRMW41R0ljME5XMlNCOUhlSkl0VEJLbHAyQWJmMmlCOWRXWlVFdnhWWm9lTnM4bWlyeTkwcWt0SHJ4M2lPODFycUM0aXZvNzBXM2dtNHRCMHJoWVJyNFdYcDVYK1pXeHpUdFI0aElUWmxjdTRHdUlMbnJNcTRNajc1dDZmUGoxcWcxUDdaM1J1dnl3UHpwUXFFc1pUOTVaYU0rdjNJcVpkMXdScVRndno4WUsyV0RCakdnNXZ1c0czeHRIc0VhbTh4Y2FnRllISXZEaHJCN2N1OWRSRmpjR25iSlFTSjF2T3VQYzFQZE1EMThWbVVGOXY5R21VdnhxMExQdWVzUmRYT1R5T1JwNzQzUW1DSFFaQUg1S2FiOUo4RkN6NEdpRDFwTFNKZ1l3RVB1OFVFMnR0Y0k5aEVEZHZBMHBOVHdtMzRrbE9COFB5MWpjeUpyS080SGRhWHlld2tFci90clpKREk9
Z0Z2QU0zbTNLbGI5TWNzVUIwS0FscS94SDRIbDNERkFrOFkyR0VQTzUvRT0=,YWREWmwrWEVpVlpFNG12ejJoQ2JIZXlyYVU1dFZ5TmlhNE96OWJ5T2xmUT0=,Z0Z2QU0zbTNLbGI5TWNzVUIwS0FscS94SDRIbDNERkFrOFkyR0VQTzUvRT0=,VzVyTmJrYXZheGRicnJobG1VcXhqMGsxNnhXMkJ6MkZjRlhtRnF5U1R6WT0=,YXhPbkdoWUFZTUEreFlZOGt4K1FtK2hIbk9IeTBaYmgxQThLcm5xVlorOHA5a1pWOCtnUDhFSm9qUVpGM2tkaTJPS1V2V3BXMnBEdjFYTkhJVGhMQXc9PQ==,bndHN1d6U1cvYXdoSzJsWWJYYndMNWxvMmRvbm1kTW9lWkZXM0F5SXpVbz0=,cTVSNEJZcm1HQnBHTUJlNEdpRUxHN3A0bHQrV2UxWVpVT1ZITEg3bUgzakhjRHhMSE95WlJHZ09jODJobjJLbVBySXFpYWs3M05VRjA0RUp5bVpLenNxR3YrUDlIUHl4M0REN05jZFlPWkR2QnIrZWhGb0dreGJqc2Y3OFJpcjI1SllsQ2FKV3BkWE5hYmgvTExYZ0ZnYUV1VHRsOWZqamdPTWpQYTB0TGlpSkFXeDlQdVV6Zm16ZXJMbEUxT2s2S29tbUZ3RDFEam5jTkZCdXd1LytqNmxaYXU1Y2xtQmtwb2d3T2ZLdVJwK2FsMnV6QUZxcnoxdW1tazI3c1grOFRxZTN4R3VqVlN2dXhtRksyaVNNZ2VKMU82UVYveGZuN2hpY2VrdStKUWhMd1JnTXZKMHRjOXRSQmRrTVJYdFUzUjQ0TXgzU1RqZnBKRzBQNmFlWTlWUFdlajJoVUFtK052ZHMxMXkzTEpwLzVYS3JTUXZwckRxVnU0TlM0QlZLNGlzdXgwREVOQ3QybUJPYW5oendoZVYwNFFuUTdUVHNySTQ4aDRFMEdOYzZzYmRWcGtZZkZnd2lQeVhvekNFR1NWVTNqTmVtS2xob0pCcmV2TWRIcFlUZndwT0tKc1RQdFJnM2NIUHZXTW5rQ2pqSHRnbnVTT2k1ODdaY2Fzck0=
Z1RTcWxYc3BmRURIVU5ndEhJT2M4NmZSNDJBQ0ZNMktmemtCN096bGRaZz0=,dWdZRGM3LzQ4OVlnRHNsN1NBTDhKek5TN3FOMDBjZTdnMGVMMXQzQWgzZz0=,Z1RTcWxYc3BmRURIVU5ndEhJT2M4NmZSNDJBQ0ZNMktmemtCN096bGRaZz0=,VzVyTmJrYXZheGRicnJobG1VcXhqMGsxNnhXMkJ6MkZjRlhtRnF5U1R6WT0=,L1dqOEIwNHI2cDNXYlo3OTRRSFFpeXZ2eDhaRDFDVmtXbjhUb0FKdElKRUJBVkNJZngrNklXZ2tzdXZBeVBVVXBrdW5XWkw3TzB2UFdZM0Y1QWxHMjhQMnFyenFvRzgzNUEwV0hWZXB3UE1nQm5Qb1Bhc0JEM2lYRGZJNXFzVE4=,bndHN1d6U1cvYXdoSzJsWWJYYndMNWxvMmRvbm1kTW9lWkZXM0F5SXpVbz0=,cTVSNEJZcm1HQnBHTUJlNEdpRUxHN214dTU3NitDTzV5TU96Ymk2L3JkaDdDSFVROVB6OWxJZU5pdTlLQXhYRjdCeEtNaTI1d0ZROC9RN1NHTVlwcjh3clE5QnpjanpKUmdQeXI2UGtqd0ZGOW1UdlJPOWNjUGI5TEE0R0dqOWhhd2MvaDdkb3FVTUM4MTlyOGErZXVYZTRBSHk5a3BYaFNIeE5ibTRaUU9teFVRWmRwYXRZQlJ5UVZ2ZVJqNmZkQU1hMEVDVkJxMzNUTXdVeDh4TWFncnp6OTJOYkh3TXBNaWkwWlF3QkpZSWE4UEtPNHlGeHdDZDdjT3gzdjI3YjBoRnM5ZFhYeFc5aFIyaVZtUE1JRmRqTjhGYlVxcjNEcHVsU3JybnZzS01tUlZBckhWd1VRZURYOUhuWXg1VGl3N3dDQmFBSGxRMW41R0ljME5XMlNCOUhlSkl0VEJLbHAyQWJmMmlCOWRXWlVFdnhWWm9lTnM4bWlyeTkwcWt0SHJ4M2lPODFycUM0aXZvNzBXM2dtNHRCMHJoWVJyNFdYcDVYK1pXeHpUdFI0aElUWmxjdTRHdUlMbnJNcTRNajc1dDZmUGoxcWcxUDdaM1J1dnl3UHpwUXFFc1pUOTVaYU0rdjNJcVpkMXdScVRndno4WUsyV0RCakdnNXZ1c0czeHRIc0VhbTh4Y2FnRllISXZEaHJCN2N1OWRSRmpjR25iSlFTSjF2T3VQOWZjM0EvUExTTmdIQnYwTGRERmQxZmM3c1BYYmRFWkcyZU1yN1pnM2lCSUsrdHE5K3NLbEoxSjE0WnlLdmh3MTdnY2JqbXlIUTBaN3RIQUZBa1lnSGlvQ0tWVmNsRTEvSW5HOWx5dTBxdXc9PQ==
Um4xTUU5MmE3Unh4bWNWU2NvZU42Qk03SEszOFViS0NJcDhHcG9ob1Zyaz0=,dWdZRGM3LzQ4OVlnRHNsN1NBTDhKek5TN3FOMDBjZTdnMGVMMXQzQWgzZz0=,Um4xTUU5MmE3Unh4bWNWU2NvZU42Qk03SEszOFViS0NJcDhHcG9ob1Zyaz0=,VzVyTmJrYXZheGRicnJobG1VcXhqMGsxNnhXMkJ6MkZjRlhtRnF5U1R6WT0=,L1dqOEIwNHI2cDNXYlo3OTRRSFFpeXZ2eDhaRDFDVmtXbjhUb0FKdElKRUJBVkNJZngrNklXZ2tzdXZBeVBVVXBrdW5XWkw3TzB2UFdZM0Y1QWxHMjdTR3lJVU5aODJnY2F4bEFBY21BOEYyWkFxMW93a2g1djBiMzdMSHdTSGE=,bndHN1d6U1cvYXdoSzJsWWJYYndMNWxvMmRvbm1kTW9lWkZXM0F5SXpVbz0=,cTVSNEJZcm1HQnBHTUJlNEdpRUxHN214dTU3NitDTzV5TU96Ymk2L3JkaDdDSFVROVB6OWxJZU5pdTlLQXhYRjdCeEtNaTI1d0ZROC9RN1NHTVlwcjh3clE5QnpjanpKUmdQeXI2UGtqd0ZGOW1UdlJPOWNjUGI5TEE0R0dqOWhhd2MvaDdkb3FVTUM4MTlyOGErZXVYZTRBSHk5a3BYaFNIeE5ibTRaUU9teFVRWmRwYXRZQlJ5UVZ2ZVJqNmZkQU1hMEVDVkJxMzNUTXdVeDh4TWFncnp6OTJOYkh3TXBNaWkwWlF3QkpZSWE4UEtPNHlGeHdDZDdjT3gzdjI3YjBoRnM5ZFhYeFc5aFIyaVZtUE1JRmRqTjhGYlVxcjNEcHVsU3JybnZzS01tUlZBckhWd1VRZURYOUhuWXg1VGl3N3dDQmFBSGxRMW41R0ljME5XMlNCOUhlSkl0VEJLbHAyQWJmMmlCOWRXWlVFdnhWWm9lTnM4bWlyeTkwcWt0SHJ4M2lPODFycUM0aXZvNzBXM2dtNHRCMHJoWVJyNFdYcDVYK1pXeHpUdFI0aElUWmxjdTRHdUlMbnJNcTRNajc1dDZmUGoxcWcxUDdaM1J1dnl3UHpwUXFFc1pUOTVaYU0rdjNJcVpkMXdScVRndno4WUsyV0RCakdnNXZ1c0czeHRIc0VhbTh4Y2FnRllISXZEaHJCN2N1OWRSRmpjR25iSlFTSjF2T3VQOWZjM0EvUExTTmdIQnYwTGRERmQxZmM3c1BYYmRFWkcyZU1yN1pnM2lCSUsrdHE5K3NLbEoxSjE0WnlLdmh3MTdnY2JqbXlIUTBaN3RIQUZBa1lnSGlvQ0tWVmNsRTEvSW5HOWx5dTBxdXc9PQ==
Um4xTUU5MmE3Unh4bWNWU2NvZU42Qk03SEszOFViS0NJcDhHcG9ob1Zyaz0=,dWdZRGM3LzQ4OVlnRHNsN1NBTDhKek5TN3FOMDBjZTdnMGVMMXQzQWgzZz0=,Um4xTUU5MmE3Unh4bWNWU2NvZU42Qk03SEszOFViS0NJcDhHcG9ob1Zyaz0=,VzVyTmJrYXZheGRicnJobG1VcXhqMGsxNnhXMkJ6MkZjRlhtRnF5U1R6WT0=,L1dqOEIwNHI2cDNXYlo3OTRRSFFpeXZ2eDhaRDFDVmtXbjhUb0FKdElKRUJBVkNJZngrNklXZ2tzdXZBeVBVVXBrdW5XWkw3TzB2UFdZM0Y1QWxHMjdTR3lJVU5aODJnY2F4bEFBY21BOEYyWkFxMW93a2g1djBiMzdMSHdTSGE=,bndHN1d6U1cvYXdoSzJsWWJYYndMNWxvMmRvbm1kTW9lWkZXM0F5SXpVbz0=,cTVSNEJZcm1HQnBHTUJlNEdpRUxHN214dTU3NitDTzV5TU96Ymk2L3JkaDdDSFVROVB6OWxJZU5pdTlLQXhYRjdCeEtNaTI1d0ZROC9RN1NHTVlwcjh3clE5QnpjanpKUmdQeXI2UGtqd0ZGOW1UdlJPOWNjUGI5TEE0R0dqOWhhd2MvaDdkb3FVTUM4MTlyOGErZXVYZTRBSHk5a3BYaFNIeE5ibTRaUU9teFVRWmRwYXRZQlJ5UVZ2ZVJqNmZkQU1hMEVDVkJxMzNUTXdVeDh4TWFncnp6OTJOYkh3TXBNaWkwWlF3QkpZSWE4UEtPNHlGeHdDZDdjT3gzdjI3YjBoRnM5ZFhYeFc5aFIyaVZtUE1JRmRqTjhGYlVxcjNEcHVsU3JybnZzS01tUlZBckhWd1VRZURYOUhuWXg1VGl3N3dDQmFBSGxRMW41R0ljME5XMlNCOUhlSkl0VEJLbHAyQWJmMmlCOWRXWlVFdnhWWm9lTnM4bWlyeTkwcWt0SHJ4M2lPODFycUM0aXZvNzBXM2dtNHRCMHJoWVJyNFdYcDVYK1pXeHpUdFI0aElUWmxjdTRHdUlMbnJNcTRNajc1dDZmUGoxcWcxUDdaM1J1dnl3UHpwUXFFc1pUOTVaYU0rdjNJcVpkMXdScVRndno4WUsyV0RCakdnNXZ1c0czeHRIc0VhbTh4Y2FnRllISXZEaHJCN2N1OWRSRmpjR25iSlFTSjF2T3VQYzFQZE1EMThWbVVGOXY5R21VdnhxMExQdWVzUmRYT1R5T1JwNzQzUW1DSFFaQUg1S2FiOUo4RkN6NEdpRDFwTFNKZ1l3RVB1OFVFMnR0Y0k5aEVEZHZBMHBOVHdtMzRrbE9COFB5MWpjeUpyS080SGRhWHlld2tFci90clpKREk9
Um4xTUU5MmE3Unh4bWNWU2NvZU42Qk03SEszOFViS0NJcDhHcG9ob1Zyaz0=,YWREWmwrWEVpVlpFNG12ejJoQ2JIZXlyYVU1dFZ5TmlhNE96OWJ5T2xmUT0=,Um4xTUU5MmE3Unh4bWNWU2NvZU42Qk03SEszOFViS0NJcDhHcG9ob1Zyaz0=,VzVyTmJrYXZheGRicnJobG1VcXhqMGsxNnhXMkJ6MkZjRlhtRnF5U1R6WT0=,YXhPbkdoWUFZTUEreFlZOGt4K1FtK2hIbk9IeTBaYmgxQThLcm5xVlorOHA5a1pWOCtnUDhFSm9qUVpGM2tkaTJPS1V2V3BXMnBEdjFYTkhJVGhMQXc9PQ==,bndHN1d6U1cvYXdoSzJsWWJYYndMNWxvMmRvbm1kTW9lWkZXM0F5SXpVbz0=,cTVSNEJZcm1HQnBHTUJlNEdpRUxHN3A0bHQrV2UxWVpVT1ZITEg3bUgzakhjRHhMSE95WlJHZ09jODJobjJLbVBySXFpYWs3M05VRjA0RUp5bVpLenNxR3YrUDlIUHl4M0REN05jZFlPWkR2QnIrZWhGb0dreGJqc2Y3OFJpcjI1SllsQ2FKV3BkWE5hYmgvTExYZ0ZnYUV1VHRsOWZqamdPTWpQYTB0TGlpSkFXeDlQdVV6Zm16ZXJMbEUxT2s2S29tbUZ3RDFEam5jTkZCdXd1LytqNmxaYXU1Y2xtQmtwb2d3T2ZLdVJwK2FsMnV6QUZxcnoxdW1tazI3c1grOFRxZTN4R3VqVlN2dXhtRksyaVNNZ2VKMU82UVYveGZuN2hpY2VrdStKUWhMd1JnTXZKMHRjOXRSQmRrTVJYdFUzUjQ0TXgzU1RqZnBKRzBQNmFlWTlWUFdlajJoVUFtK052ZHMxMXkzTEpwLzVYS3JTUXZwckRxVnU0TlM0QlZLNGlzdXgwREVOQ3QybUJPYW5oendoZVYwNFFuUTdUVHNySTQ4aDRFMEdOYzZzYmRWcGtZZkZnd2lQeVhvekNFR1NWVTNqTmVtS2xob0pCcmV2TWRIcFlUZndwT0tKc1RQdFJnM2NIUHZXTW5rQ2pqSHRnbnVTT2k1ODdaY2Fzck0=
TE92S3ZoK0VWT0NtdzQzMUdJOXdQUm44KytPMzBKTFJOelBXNXNUcU9jZz0=,dWdZRGM3LzQ4OVlnRHNsN1NBTDhKek5TN3FOMDBjZTdnMGVMMXQzQWgzZz0=,TE92S3ZoK0VWT0NtdzQzMUdJOXdQUm44KytPMzBKTFJOelBXNXNUcU9jZz0=,VzVyTmJrYXZheGRicnJobG1VcXhqMGsxNnhXMkJ6MkZjRlhtRnF5U1R6WT0=,L1dqOEIwNHI2cDNXYlo3OTRRSFFpeXZ2eDhaRDFDVmtXbjhUb0FKdElKRUJBVkNJZngrNklXZ2tzdXZBeVBVVXBrdW5XWkw3TzB2UFdZM0Y1QWxHMnlHdUJyV04zNnVoVjg2UWlkcVMvTHRac1U3MWVEV2F6cFJLZXBIQkViQjM=,bndHN1d6U1cvYXdoSzJsWWJYYndMNWxvMmRvbm1kTW9lWkZXM0F5SXpVbz0=,cTVSNEJZcm1HQnBHTUJlNEdpRUxHN214dTU3NitDTzV5TU96Ymk2L3JkaDdDSFVROVB6OWxJZU5pdTlLQXhYRjdCeEtNaTI1d0ZROC9RN1NHTVlwcjh3clE5QnpjanpKUmdQeXI2UGtqd0ZGOW1UdlJPOWNjUGI5TEE0R0dqOWhhd2MvaDdkb3FVTUM4MTlyOGErZXVYZTRBSHk5a3BYaFNIeE5ibTRaUU9teFVRWmRwYXRZQlJ5UVZ2ZVJqNmZkQU1hMEVDVkJxMzNUTXdVeDh4TWFncnp6OTJOYkh3TXBNaWkwWlF3QkpZSWE4UEtPNHlGeHdDZDdjT3gzdjI3YjBoRnM5ZFhYeFc5aFIyaVZtUE1JRmRqTjhGYlVxcjNEcHVsU3JybnZzS01tUlZBckhWd1VRZURYOUhuWXg1VGl3N3dDQmFBSGxRMW41R0ljME5XMlNCOUhlSkl0VEJLbHAyQWJmMmlCOWRXWlVFdnhWWm9lTnM4bWlyeTkwcWt0SHJ4M2lPODFycUM0aXZvNzBXM2dtNHRCMHJoWVJyNFdYcDVYK1pXeHpUdFI0aElUWmxjdTRHdUlMbnJNcTRNajc1dDZmUGoxcWcxUDdaM1J1dnl3UHpwUXFFc1pUOTVaYU0rdjNJcVpkMXdScVRndno4WUsyV0RCakdnNXZ1c0czeHRIc0VhbTh4Y2FnRllISXZEaHJCN2N1OWRSRmpjR25iSlFTSjF2T3VQOWZjM0EvUExTTmdIQnYwTGRERmQxZmM3c1BYYmRFWkcyZU1yN1pnM2lCSUsrdHE5K3NLbEoxSjE0WnlLdmh3MTdnY2JqbXlIUTBaN3RIQUZBa1lnSGlvQ0tWVmNsRTEvSW5HOWx5dTBxdXc9PQ==
MzdsR3pZalpzVzh1UGZoUE9ZZDVJUkxiQVBPNHQwTDNBUlRVN3E2NCtJOD0=,dWdZRGM3LzQ4OVlnRHNsN1NBTDhKek5TN3FOMDBjZTdnMGVMMXQzQWgzZz0=,MzdsR3pZalpzVzh1UGZoUE9ZZDVJUkxiQVBPNHQwTDNBUlRVN3E2NCtJOD0=,VzVyTmJrYXZheGRicnJobG1VcXhqMGsxNnhXMkJ6MkZjRlhtRnF5U1R6WT0=,L1dqOEIwNHI2cDNXYlo3OTRRSFFpeXZ2eDhaRDFDVmtXbjhUb0FKdElKRUJBVkNJZngrNklXZ2tzdXZBeVBVVXBrdW5XWkw3TzB2UFdZM0Y1QWxHMjEzV0FzQzBOVW91aGpiMkpBZHRxbTRRdzZ2RkVXTjdNYzZ2Sk9wZDZSU1A=,bndHN1d6U1cvYXdoSzJsWWJYYndMNWxvMmRvbm1kTW9lWkZXM0F5SXpVbz0=,cTVSNEJZcm1HQnBHTUJlNEdpRUxHN214dTU3NitDTzV5TU96Ymk2L3JkaDdDSFVROVB6OWxJZU5pdTlLQXhYRjdCeEtNaTI1d0ZROC9RN1NHTVlwcjh3clE5QnpjanpKUmdQeXI2UGtqd0ZGOW1UdlJPOWNjUGI5TEE0R0dqOWhhd2MvaDdkb3FVTUM4MTlyOGErZXVYZTRBSHk5a3BYaFNIeE5ibTRaUU9teFVRWmRwYXRZQlJ5UVZ2ZVJqNmZkQU1hMEVDVkJxMzNUTXdVeDh4TWFncnp6OTJOYkh3TXBNaWkwWlF3QkpZSWE4UEtPNHlGeHdDZDdjT3gzdjI3YjBoRnM5ZFhYeFc5aFIyaVZtUE1JRmRqTjhGYlVxcjNEcHVsU3JybnZzS01tUlZBckhWd1VRZURYOUhuWXg1VGl3N3dDQmFBSGxRMW41R0ljME5XMlNCOUhlSkl0VEJLbHAyQWJmMmlCOWRXWlVFdnhWWm9lTnM4bWlyeTkwcWt0SHJ4M2lPODFycUM0aXZvNzBXM2dtNHRCMHJoWVJyNFdYcDVYK1pXeHpUdFI0aElUWmxjdTRHdUlMbnJNcTRNajc1dDZmUGoxcWcxUDdaM1J1dnl3UHpwUXFFc1pUOTVaYU0rdjNJcVpkMXdScVRndno4WUsyV0RCakdnNXZ1c0czeHRIc0VhbTh4Y2FnRllISXZEaHJCN2N1OWRSRmpjR25iSlFTSjF2T3VQYzFQZE1EMThWbVVGOXY5R21VdnhxMExQdWVzUmRYT1R5T1JwNzQzUW1DSFFaQUg1S2FiOUo4RkN6NEdpRDFwTFNKZ1l3RVB1OFVFMnR0Y0k5aEVEZHZBMHBOVHdtMzRrbE9COFB5MWpjeUpyS080SGRhWHlld2tFci90clpKREk9
MzdsR3pZalpzVzh1UGZoUE9ZZDVJUkxiQVBPNHQwTDNBUlRVN3E2NCtJOD0=,YWREWmwrWEVpVlpFNG12ejJoQ2JIZXlyYVU1dFZ5TmlhNE96OWJ5T2xmUT0=,MzdsR3pZalpzVzh1UGZoUE9ZZDVJUkxiQVBPNHQwTDNBUlRVN3E2NCtJOD0=,VzVyTmJrYXZheGRicnJobG1VcXhqMGsxNnhXMkJ6MkZjRlhtRnF5U1R6WT0=,YXhPbkdoWUFZTUEreFlZOGt4K1FtK2hIbk9IeTBaYmgxQThLcm5xVlorOHA5a1pWOCtnUDhFSm9qUVpGM2tkaTJPS1V2V3BXMnBEdjFYTkhJVGhMQXc9PQ==,bndHN1d6U1cvYXdoSzJsWWJYYndMNWxvMmRvbm1kTW9lWkZXM0F5SXpVbz0=,cTVSNEJZcm1HQnBHTUJlNEdpRUxHN3A0bHQrV2UxWVpVT1ZITEg3bUgzakhjRHhMSE95WlJHZ09jODJobjJLbVBySXFpYWs3M05VRjA0RUp5bVpLenNxR3YrUDlIUHl4M0REN05jZFlPWkR2QnIrZWhGb0dreGJqc2Y3OFJpcjI1SllsQ2FKV3BkWE5hYmgvTExYZ0ZnYUV1VHRsOWZqamdPTWpQYTB0TGlpSkFXeDlQdVV6Zm16ZXJMbEUxT2s2S29tbUZ3RDFEam5jTkZCdXd1LytqNmxaYXU1Y2xtQmtwb2d3T2ZLdVJwK2FsMnV6QUZxcnoxdW1tazI3c1grOFRxZTN4R3VqVlN2dXhtRksyaVNNZ2VKMU82UVYveGZuN2hpY2VrdStKUWhMd1JnTXZKMHRjOXRSQmRrTVJYdFUzUjQ0TXgzU1RqZnBKRzBQNmFlWTlWUFdlajJoVUFtK052ZHMxMXkzTEpwLzVYS3JTUXZwckRxVnU0TlM0QlZLNGlzdXgwREVOQ3QybUJPYW5oendoZVYwNFFuUTdUVHNySTQ4aDRFMEdOYzZzYmRWcGtZZkZnd2lQeVhvekNFR1NWVTNqTmVtS2xob0pCcmV2TWRIcFlUZndwT0tKc1RQdFJnM2NIUHZXTW5rQ2pqSHRnbnVTT2k1ODdaY2Fzck0=
L3NxQllnZEl1TWFOY1ZaZWJIeU10RllSZE54allMbFBrRVd5bG5Dd2MyWT0=,dWdZRGM3LzQ4OVlnRHNsN1NBTDhKek5TN3FOMDBjZTdnMGVMMXQzQWgzZz0=,L3NxQllnZEl1TWFOY1ZaZWJIeU10RllSZE54allMbFBrRVd5bG5Dd2MyWT0=,VzVyTmJrYXZheGRicnJobG1VcXhqMGsxNnhXMkJ6MkZjRlhtRnF5U1R6WT0=,L1dqOEIwNHI2cDNXYlo3OTRRSFFpeXZ2eDhaRDFDVmtXbjhUb0FKdElKRUJBVkNJZngrNklXZ2tzdXZBeVBVVXBrdW5XWkw3TzB2UFdZM0Y1QWxHMi9CK21zSkkrVzBZOFNyVm10cjV4TEpOc2U2d3JmbDRRSGlIOEdWL2RySjA=,bndHN1d6U1cvYXdoSzJsWWJYYndMNWxvMmRvbm1kTW9lWkZXM0F5SXpVbz0=,cTVSNEJZcm1HQnBHTUJlNEdpRUxHN214dTU3NitDTzV5TU96Ymk2L3JkaDdDSFVROVB6OWxJZU5pdTlLQXhYRjdCeEtNaTI1d0ZROC9RN1NHTVlwcjh3clE5QnpjanpKUmdQeXI2UGtqd0ZGOW1UdlJPOWNjUGI5TEE0R0dqOWhhd2MvaDdkb3FVTUM4MTlyOGErZXVYZTRBSHk5a3BYaFNIeE5ibTRaUU9teFVRWmRwYXRZQlJ5UVZ2ZVJqNmZkQU1hMEVDVkJxMzNUTXdVeDh4TWFncnp6OTJOYkh3TXBNaWkwWlF3QkpZSWE4UEtPNHlGeHdDZDdjT3gzdjI3YjBoRnM5ZFhYeFc5aFIyaVZtUE1JRmRqTjhGYlVxcjNEcHVsU3JybnZzS01tUlZBckhWd1VRZURYOUhuWXg1VGl3N3dDQmFBSGxRMW41R0ljME5XMlNCOUhlSkl0VEJLbHAyQWJmMmlCOWRXWlVFdnhWWm9lTnM4bWlyeTkwcWt0SHJ4M2lPODFycUM0aXZvNzBXM2dtNHRCMHJoWVJyNFdYcDVYK1pXeHpUdFI0aElUWmxjdTRHdUlMbnJNcTRNajc1dDZmUGoxcWcxUDdaM1J1dnl3UHpwUXFFc1pUOTVaYU0rdjNJcVpkMXdScVRndno4WUsyV0RCakdnNXZ1c0czeHRIc0VhbTh4Y2FnRllISXZEaHJCN2N1OWRSRmpjR25iSlFTSjF2T3VQOWZjM0EvUExTTmdIQnYwTGRERmQxZmM3c1BYYmRFWkcyZU1yN1pnM2lCSUsrdHE5K3NLbEoxSjE0WnlLdmh3MTdnY2JqbXlIUTBaN3RIQUZBa1lnSGlvQ0tWVmNsRTEvSW5HOWx5dTBxdXc9PQ==
cnhac1Mwc0VwY3hwdzQ0UUZEL3V2U2xYS2QxWmpET2xLMjlBNnI0MUl3dz0=,dWdZRGM3LzQ4OVlnRHNsN1NBTDhKek5TN3FOMDBjZTdnMGVMMXQzQWgzZz0=,cnhac1Mwc0VwY3hwdzQ0UUZEL3V2U2xYS2QxWmpET2xLMjlBNnI0MUl3dz0=,VzVyTmJrYXZheGRicnJobG1VcXhqMGsxNnhXMkJ6MkZjRlhtRnF5U1R6WT0=,L1dqOEIwNHI2cDNXYlo3OTRRSFFpeXZ2eDhaRDFDVmtXbjhUb0FKdElKRUJBVkNJZngrNklXZ2tzdXZBeVBVVXBrdW5XWkw3TzB2UFdZM0Y1QWxHMjU1dmMxZ0d0cU5PNis1d3AvY2lFeW5SNDArbVdjbWZCQ1JaSHhHWmd0TTI=,bndHN1d6U1cvYXdoSzJsWWJYYndMNWxvMmRvbm1kTW9lWkZXM0F5SXpVbz0=,cTVSNEJZcm1HQnBHTUJlNEdpRUxHN214dTU3NitDTzV5TU96Ymk2L3JkaDdDSFVROVB6OWxJZU5pdTlLQXhYRjdCeEtNaTI1d0ZROC9RN1NHTVlwcjh3clE5QnpjanpKUmdQeXI2UGtqd0ZGOW1UdlJPOWNjUGI5TEE0R0dqOWhhd2MvaDdkb3FVTUM4MTlyOGErZXVYZTRBSHk5a3BYaFNIeE5ibTRaUU9teFVRWmRwYXRZQlJ5UVZ2ZVJqNmZkQU1hMEVDVkJxMzNUTXdVeDh4TWFncnp6OTJOYkh3TXBNaWkwWlF3QkpZSWE4UEtPNHlGeHdDZDdjT3gzdjI3YjBoRnM5ZFhYeFc5aFIyaVZtUE1JRmRqTjhGYlVxcjNEcHVsU3JybnZzS01tUlZBckhWd1VRZURYOUhuWXg1VGl3N3dDQmFBSGxRMW41R0ljME5XMlNCOUhlSkl0VEJLbHAyQWJmMmlCOWRXWlVFdnhWWm9lTnM4bWlyeTkwcWt0SHJ4M2lPODFycUM0aXZvNzBXM2dtNHRCMHJoWVJyNFdYcDVYK1pXeHpUdFI0aElUWmxjdTRHdUlMbnJNcTRNajc1dDZmUGoxcWcxUDdaM1J1dnl3UHpwUXFFc1pUOTVaYU0rdjNJcVpkMXdScVRndno4WUsyV0RCakdnNXZ1c0czeHRIc0VhbTh4Y2FnRllISXZEaHJCN2N1OWRSRmpjR25iSlFTSjF2T3VQOWZjM0EvUExTTmdIQnYwTGRERmQxZmM3c1BYYmRFWkcyZU1yN1pnM2lCSUsrdHE5K3NLbEoxSjE0WnlLdmh3MTdnY2JqbXlIUTBaN3RIQUZBa1lnSGlvQ0tWVmNsRTEvSW5HOWx5dTBxdXc9PQ==
UmhjR1FBdUR0bnE2Y1A5S0kydGttWkFLdkNYMFpxUDI4RHM1eHpFeHNmVT0=,dWdZRGM3LzQ4OVlnRHNsN1NBTDhKek5TN3FOMDBjZTdnMGVMMXQzQWgzZz0=,UmhjR1FBdUR0bnE2Y1A5S0kydGttWkFLdkNYMFpxUDI4RHM1eHpFeHNmVT0=,VzVyTmJrYXZheGRicnJobG1VcXhqMGsxNnhXMkJ6MkZjRlhtRnF5U1R6WT0=,L1dqOEIwNHI2cDNXYlo3OTRRSFFpeXZ2eDhaRDFDVmtXbjhUb0FKdElKRUJBVkNJZngrNklXZ2tzdXZBeVBVVXBrdW5XWkw3TzB2UFdZM0Y1QWxHMjdkclRRNk1URGxCN1B6MXpEdlZSL2FwMXozQUxFeExWYTBpc3o2RzVzbzA=,bndHN1d6U1cvYXdoSzJsWWJYYndMNWxvMmRvbm1kTW9lWkZXM0F5SXpVbz0=,cTVSNEJZcm1HQnBHTUJlNEdpRUxHN214dTU3NitDTzV5TU96Ymk2L3JkaDdDSFVROVB6OWxJZU5pdTlLQXhYRjdCeEtNaTI1d0ZROC9RN1NHTVlwcjh3clE5QnpjanpKUmdQeXI2UGtqd0ZGOW1UdlJPOWNjUGI5TEE0R0dqOWhhd2MvaDdkb3FVTUM4MTlyOGErZXVYZTRBSHk5a3BYaFNIeE5ibTRaUU9teFVRWmRwYXRZQlJ5UVZ2ZVJqNmZkQU1hMEVDVkJxMzNUTXdVeDh4TWFncnp6OTJOYkh3TXBNaWkwWlF3QkpZSWE4UEtPNHlGeHdDZDdjT3gzdjI3YjBoRnM5ZFhYeFc5aFIyaVZtUE1JRmRqTjhGYlVxcjNEcHVsU3JybnZzS01tUlZBckhWd1VRZURYOUhuWXg1VGl3N3dDQmFBSGxRMW41R0ljME5XMlNCOUhlSkl0VEJLbHAyQWJmMmlCOWRXWlVFdnhWWm9lTnM4bWlyeTkwcWt0SHJ4M2lPODFycUM0aXZvNzBXM2dtNHRCMHJoWVJyNFdYcDVYK1pXeHpUdFI0aElUWmxjdTRHdUlMbnJNcTRNajc1dDZmUGoxcWcxUDdaM1J1dnl3UHpwUXFFc1pUOTVaYU0rdjNJcVpkMXdScVRndno4WUsyV0RCakdnNXZ1c0czeHRIc0VhbTh4Y2FnRllISXZEaHJCN2N1OWRSRmpjR25iSlFTSjF2T3VQYzFQZE1EMThWbVVGOXY5R21VdnhxMExQdWVzUmRYT1R5T1JwNzQzUW1DSFFaQUg1S2FiOUo4RkN6NEdpRDFwTFNKZ1l3RVB1OFVFMnR0Y0k5aEVEZHZBMHBOVHdtMzRrbE9COFB5MWpjeUpyS080SGRhWHlld2tFci90clpKREk9
UmhjR1FBdUR0bnE2Y1A5S0kydGttWkFLdkNYMFpxUDI4RHM1eHpFeHNmVT0=,YWREWmwrWEVpVlpFNG12ejJoQ2JIZXlyYVU1dFZ5TmlhNE96OWJ5T2xmUT0=,UmhjR1FBdUR0bnE2Y1A5S0kydGttWkFLdkNYMFpxUDI4RHM1eHpFeHNmVT0=,VzVyTmJrYXZheGRicnJobG1VcXhqMGsxNnhXMkJ6MkZjRlhtRnF5U1R6WT0=,YXhPbkdoWUFZTUEreFlZOGt4K1FtK2hIbk9IeTBaYmgxQThLcm5xVlorOHA5a1pWOCtnUDhFSm9qUVpGM2tkaTJPS1V2V3BXMnBEdjFYTkhJVGhMQXc9PQ==,bndHN1d6U1cvYXdoSzJsWWJYYndMNWxvMmRvbm1kTW9lWkZXM0F5SXpVbz0=,cTVSNEJZcm1HQnBHTUJlNEdpRUxHN3A0bHQrV2UxWVpVT1ZITEg3bUgzakhjRHhMSE95WlJHZ09jODJobjJLbVBySXFpYWs3M05VRjA0RUp5bVpLenNxR3YrUDlIUHl4M0REN05jZFlPWkR2QnIrZWhGb0dreGJqc2Y3OFJpcjI1SllsQ2FKV3BkWE5hYmgvTExYZ0ZnYUV1VHRsOWZqamdPTWpQYTB0TGlpSkFXeDlQdVV6Zm16ZXJMbEUxT2s2S29tbUZ3RDFEam5jTkZCdXd1LytqNmxaYXU1Y2xtQmtwb2d3T2ZLdVJwK2FsMnV6QUZxcnoxdW1tazI3c1grOFRxZTN4R3VqVlN2dXhtRksyaVNNZ2VKMU82UVYveGZuN2hpY2VrdStKUWhMd1JnTXZKMHRjOXRSQmRrTVJYdFUzUjQ0TXgzU1RqZnBKRzBQNmFlWTlWUFdlajJoVUFtK052ZHMxMXkzTEpwLzVYS3JTUXZwckRxVnU0TlM0QlZLNGlzdXgwREVOQ3QybUJPYW5oendoZVYwNFFuUTdUVHNySTQ4aDRFMEdOYzZzYmRWcGtZZkZnd2lQeVhvekNFR1NWVTNqTmVtS2xob0pCcmV2TWRIcFlUZndwT0tKc1RQdFJnM2NIUHZXTW5rQ2pqSHRnbnVTT2k1ODdaY2Fzck0=
Y3lMNGNrMVJjNHFrWFVISHFrdytNd3V3RlBZQk5IQllGeDNDVWtXYnZ4VT0=,dWdZRGM3LzQ4OVlnRHNsN1NBTDhKek5TN3FOMDBjZTdnMGVMMXQzQWgzZz0=,Y3lMNGNrMVJjNHFrWFVISHFrdytNd3V3RlBZQk5IQllGeDNDVWtXYnZ4VT0=,VzVyTmJrYXZheGRicnJobG1VcXhqMGsxNnhXMkJ6MkZjRlhtRnF5U1R6WT0=,L1dqOEIwNHI2cDNXYlo3OTRRSFFpeXZ2eDhaRDFDVmtXbjhUb0FKdElKRUJBVkNJZngrNklXZ2tzdXZBeVBVVXBrdW5XWkw3TzB2UFdZM0Y1QWxHMnpNRkV4Z3hnY1ZSdkJhVWNuaElTTmxPYnpPZFlMTlduTDZHLzVhbWEwaUg=,bndHN1d6U1cvYXdoSzJsWWJYYndMNWxvMmRvbm1kTW9lWkZXM0F5SXpVbz0=,cTVSNEJZcm1HQnBHTUJlNEdpRUxHN214dTU3NitDTzV5TU96Ymk2L3JkaDdDSFVROVB6OWxJZU5pdTlLQXhYRjdCeEtNaTI1d0ZROC9RN1NHTVlwcjh3clE5QnpjanpKUmdQeXI2UGtqd0ZGOW1UdlJPOWNjUGI5TEE0R0dqOWhhd2MvaDdkb3FVTUM4MTlyOGErZXVYZTRBSHk5a3BYaFNIeE5ibTRaUU9teFVRWmRwYXRZQlJ5UVZ2ZVJqNmZkQU1hMEVDVkJxMzNUTXdVeDh4TWFncnp6OTJOYkh3TXBNaWkwWlF3QkpZSWE4UEtPNHlGeHdDZDdjT3gzdjI3YjBoRnM5ZFhYeFc5aFIyaVZtUE1JRmRqTjhGYlVxcjNEcHVsU3JybnZzS01tUlZBckhWd1VRZURYOUhuWXg1VGl3N3dDQmFBSGxRMW41R0ljME5XMlNCOUhlSkl0VEJLbHAyQWJmMmlCOWRXWlVFdnhWWm9lTnM4bWlyeTkwcWt0SHJ4M2lPODFycUM0aXZvNzBXM2dtNHRCMHJoWVJyNFdYcDVYK1pXeHpUdFI0aElUWmxjdTRHdUlMbnJNcTRNajc1dDZmUGoxcWcxUDdaM1J1dnl3UHpwUXFFc1pUOTVaYU0rdjNJcVpkMXdScVRndno4WUsyV0RCakdnNXZ1c0czeHRIc0VhbTh4Y2FnRllISXZEaHJCN2N1OWRSRmpjR25iSlFTSjF2T3VQOWZjM0EvUExTTmdIQnYwTGRERmQxZmM3c1BYYmRFWkcyZU1yN1pnM2lCSUsrdHE5K3NLbEoxSjE0WnlLdmh3MTdnY2JqbXlIUTBaN3RIQUZBa1lnSGlvQ0tWVmNsRTEvSW5HOWx5dTBxdXc9PQ==
d3BMNkxabTBWQWVvUmhqVXhwMllHUDFGcTR0cHdndGNlZ0xzWTZQU0tSWT0=,dWdZRGM3LzQ4OVlnRHNsN1NBTDhKek5TN3FOMDBjZTdnMGVMMXQzQWgzZz0=,d3BMNkxabTBWQWVvUmhqVXhwMllHUDFGcTR0cHdndGNlZ0xzWTZQU0tSWT0=,VzVyTmJrYXZheGRicnJobG1VcXhqMGsxNnhXMkJ6MkZjRlhtRnF5U1R6WT0=,L1dqOEIwNHI2cDNXYlo3OTRRSFFpeXZ2eDhaRDFDVmtXbjhUb0FKdElKRUJBVkNJZngrNklXZ2tzdXZBeVBVVXBrdW5XWkw3TzB2UFdZM0Y1QWxHMnpRbFFBYVV2ODF0ZFdxQk5KTXJUMkRyMFN2VDkxM1NTOTFWaU1IWU9ocXA=,bndHN1d6U1cvYXdoSzJsWWJYYndMNWxvMmRvbm1kTW9lWkZXM0F5SXpVbz0=,cTVSNEJZcm1HQnBHTUJlNEdpRUxHN214dTU3NitDTzV5TU96Ymk2L3JkaDdDSFVROVB6OWxJZU5pdTlLQXhYRjdCeEtNaTI1d0ZROC9RN1NHTVlwcjh3clE5QnpjanpKUmdQeXI2UGtqd0ZGOW1UdlJPOWNjUGI5TEE0R0dqOWhhd2MvaDdkb3FVTUM4MTlyOGErZXVYZTRBSHk5a3BYaFNIeE5ibTRaUU9teFVRWmRwYXRZQlJ5UVZ2ZVJqNmZkQU1hMEVDVkJxMzNUTXdVeDh4TWFncnp6OTJOYkh3TXBNaWkwWlF3QkpZSWE4UEtPNHlGeHdDZDdjT3gzdjI3YjBoRnM5ZFhYeFc5aFIyaVZtUE1JRmRqTjhGYlVxcjNEcHVsU3JybnZzS01tUlZBckhWd1VRZURYOUhuWXg1VGl3N3dDQmFBSGxRMW41R0ljME5XMlNCOUhlSkl0VEJLbHAyQWJmMmlCOWRXWlVFdnhWWm9lTnM4bWlyeTkwcWt0SHJ4M2lPODFycUM0aXZvNzBXM2dtNHRCMHJoWVJyNFdYcDVYK1pXeHpUdFI0aElUWmxjdTRHdUlMbnJNcTRNajc1dDZmUGoxcWcxUDdaM1J1dnl3UHpwUXFFc1pUOTVaYU0rdjNJcVpkMXdScVRndno4WUsyV0RCakdnNXZ1c0czeHRIc0VhbTh4Y2FnRllISXZEaHJCN2N1OWRSRmpjR25iSlFTSjF2T3VQOWZjM0EvUExTTmdIQnYwTGRERmQxZmM3c1BYYmRFWkcyZU1yN1pnM2lCSUsrdHE5K3NLbEoxSjE0WnlLdmh3MTdnY2JqbXlIUTBaN3RIQUZBa1lnSGlvQ0tWVmNsRTEvSW5HOWx5dTBxdXc9PQ==
V1c3SmJLUk90YzVxVHc2M3Fhc2tVRmlWK0tqd2FIaFpFZkFueFhJeGJ5az0=,dWdZRGM3LzQ4OVlnRHNsN1NBTDhKek5TN3FOMDBjZTdnMGVMMXQzQWgzZz0=,V1c3SmJLUk90YzVxVHc2M3Fhc2tVRmlWK0tqd2FIaFpFZkFueFhJeGJ5az0=,VzVyTmJrYXZheGRicnJobG1VcXhqMGsxNnhXMkJ6MkZjRlhtRnF5U1R6WT0=,L1dqOEIwNHI2cDNXYlo3OTRRSFFpeXZ2eDhaRDFDVmtXbjhUb0FKdElKRUJBVkNJZngrNklXZ2tzdXZBeVBVVXBrdW5XWkw3TzB2UFdZM0Y1QWxHMjErRUNlYWlPMWx6RG5OZ3JZbU1ZMFpVVjY3QWx5eFVCMkRCQVYybUtqdXA=,bndHN1d6U1cvYXdoSzJsWWJYYndMNWxvMmRvbm1kTW9lWkZXM0F5SXpVbz0=,cTVSNEJZcm1HQnBHTUJlNEdpRUxHN214dTU3NitDTzV5TU96Ymk2L3JkaDdDSFVROVB6OWxJZU5pdTlLQXhYRjdCeEtNaTI1d0ZROC9RN1NHTVlwcjh3clE5QnpjanpKUmdQeXI2UGtqd0ZGOW1UdlJPOWNjUGI5TEE0R0dqOWhhd2MvaDdkb3FVTUM4MTlyOGErZXVYZTRBSHk5a3BYaFNIeE5ibTRaUU9teFVRWmRwYXRZQlJ5UVZ2ZVJqNmZkQU1hMEVDVkJxMzNUTXdVeDh4TWFncnp6OTJOYkh3TXBNaWkwWlF3QkpZSWE4UEtPNHlGeHdDZDdjT3gzdjI3YjBoRnM5ZFhYeFc5aFIyaVZtUE1JRmRqTjhGYlVxcjNEcHVsU3JybnZzS01tUlZBckhWd1VRZURYOUhuWXg1VGl3N3dDQmFBSGxRMW41R0ljME5XMlNCOUhlSkl0VEJLbHAyQWJmMmlCOWRXWlVFdnhWWm9lTnM4bWlyeTkwcWt0SHJ4M2lPODFycUM0aXZvNzBXM2dtNHRCMHJoWVJyNFdYcDVYK1pXeHpUdFI0aElUWmxjdTRHdUlMbnJNcTRNajc1dDZmUGoxcWcxUDdaM1J1dnl3UHpwUXFFc1pUOTVaYU0rdjNJcVpkMXdScVRndno4WUsyV0RCakdnNXZ1c0czeHRIc0VhbTh4Y2FnRllISXZEaHJCN2N1OWRSRmpjR25iSlFTSjF2T3VQOWZjM0EvUExTTmdIQnYwTGRERmQxZmM3c1BYYmRFWkcyZU1yN1pnM2lCSUsrdHE5K3NLbEoxSjE0WnlLdmh3MTdnY2JqbXlIUTBaN3RIQUZBa1lnSGlvQ0tWVmNsRTEvSW5HOWx5dTBxdXc9PQ==
czQ1SWpYRlNUWWlidndzSnJUeEJDT3R6ZHR4dEF3SEtQbHVJRHVZRnNJMD0=,dWdZRGM3LzQ4OVlnRHNsN1NBTDhKek5TN3FOMDBjZTdnMGVMMXQzQWgzZz0=,czQ1SWpYRlNUWWlidndzSnJUeEJDT3R6ZHR4dEF3SEtQbHVJRHVZRnNJMD0=,VzVyTmJrYXZheGRicnJobG1VcXhqMGsxNnhXMkJ6MkZjRlhtRnF5U1R6WT0=,L1dqOEIwNHI2cDNXYlo3OTRRSFFpeXZ2eDhaRDFDVmtXbjhUb0FKdElKRUJBVkNJZngrNklXZ2tzdXZBeVBVVXBrdW5XWkw3TzB2UFdZM0Y1QWxHMjBWTk1VdnloNUorQXFld0hhZ0dPL2JzTzJadi8zSW1TYXlyUUkxOXdMQTg=,bndHN1d6U1cvYXdoSzJsWWJYYndMNWxvMmRvbm1kTW9lWkZXM0F5SXpVbz0=,cTVSNEJZcm1HQnBHTUJlNEdpRUxHN214dTU3NitDTzV5TU96Ymk2L3JkaDdDSFVROVB6OWxJZU5pdTlLQXhYRjdCeEtNaTI1d0ZROC9RN1NHTVlwcjh3clE5QnpjanpKUmdQeXI2UGtqd0ZGOW1UdlJPOWNjUGI5TEE0R0dqOWhhd2MvaDdkb3FVTUM4MTlyOGErZXVYZTRBSHk5a3BYaFNIeE5ibTRaUU9teFVRWmRwYXRZQlJ5UVZ2ZVJqNmZkQU1hMEVDVkJxMzNUTXdVeDh4TWFncnp6OTJOYkh3TXBNaWkwWlF3QkpZSWE4UEtPNHlGeHdDZDdjT3gzdjI3YjBoRnM5ZFhYeFc5aFIyaVZtUE1JRmRqTjhGYlVxcjNEcHVsU3JybnZzS01tUlZBckhWd1VRZURYOUhuWXg1VGl3N3dDQmFBSGxRMW41R0ljME5XMlNCOUhlSkl0VEJLbHAyQWJmMmlCOWRXWlVFdnhWWm9lTnM4bWlyeTkwcWt0SHJ4M2lPODFycUM0aXZvNzBXM2dtNHRCMHJoWVJyNFdYcDVYK1pXeHpUdFI0aElUWmxjdTRHdUlMbnJNcTRNajc1dDZmUGoxcWcxUDdaM1J1dnl3UHpwUXFFc1pUOTVaYU0rdjNJcVpkMXdScVRndno4WUsyV0RCakdnNXZ1c0czeHRIc0VhbTh4Y2FnRllISXZEaHJCN2N1OWRSRmpjR25iSlFTSjF2T3VQYzFQZE1EMThWbVVGOXY5R21VdnhxMExQdWVzUmRYT1R5T1JwNzQzUW1DSFFaQUg1S2FiOUo4RkN6NEdpRDFwTFNKZ1l3RVB1OFVFMnR0Y0k5aEVEZHZBMHBOVHdtMzRrbE9COFB5MWpjeUpyS080SGRhWHlld2tFci90clpKREk9
czQ1SWpYRlNUWWlidndzSnJUeEJDT3R6ZHR4dEF3SEtQbHVJRHVZRnNJMD0=,YWREWmwrWEVpVlpFNG12ejJoQ2JIZXlyYVU1dFZ5TmlhNE96OWJ5T2xmUT0=,czQ1SWpYRlNUWWlidndzSnJUeEJDT3R6ZHR4dEF3SEtQbHVJRHVZRnNJMD0=,VzVyTmJrYXZheGRicnJobG1VcXhqMGsxNnhXMkJ6MkZjRlhtRnF5U1R6WT0=,YXhPbkdoWUFZTUEreFlZOGt4K1FtK2hIbk9IeTBaYmgxQThLcm5xVlorOHA5a1pWOCtnUDhFSm9qUVpGM2tkaTJPS1V2V3BXMnBEdjFYTkhJVGhMQXc9PQ==,bndHN1d6U1cvYXdoSzJsWWJYYndMNWxvMmRvbm1kTW9lWkZXM0F5SXpVbz0=,cTVSNEJZcm1HQnBHTUJlNEdpRUxHN214dTU3NitDTzV5TU96Ymk2L3JkaDdDSFVROVB6OWxJZU5pdTlLQXhYRjdCeEtNaTI1d0ZROC9RN1NHTVlwcjh3clE5QnpjanpKUmdQeXI2UGtqd0hXOFphUktmL2Fna1VVWVpRbGFRcDA0NS96Q3JQS29FL2d1cXJjRWJjbzB4ZlFFTzZwOWtHbTlhREZGdTlsK1dJSHFabllGdCtDZUt0M2hhd2g0ZEo3T044UUkvejRPRFdHTXcvMFNEWUFoYy9EN2tDUmV3S2NVbEtUK3BvQU9QaHdUWXB4eHpJQ2liMzhrWjBwbWExLytIeDF0a05PM1J1cllYdHZVZ3Z3UE9IbGJyN3UyOVBaL0JhcWF5ZnJESk54UmcwQ3ZZTkxWY1pqVGVmeFhJdzFQNzBMelBpVTIrTDlEVXZEMjZibmxkOERkV3p5b2c2RGg0Z0toWFhOdzI0WjRvNGR3cTJWNTYzQTJEbXl3YVl4UHFZS3JuYlR1T20zc0doL0NMTW9XZGlCcUszcTlOK0QvS1ZJUFFKOXpLdkpFWGJYL25jaEhsWHo0ck53Wmh4YTdwdUFoQ2ppckd1eG5WLzJBMUlYZmtINXdBOVhpa1pXTkhET3VEUUFIbTZaemJJNHcvOVV2YzNoWnNXVFRmY3dHU1RjeHA4ZSs4ZXpkSFdRd3V6dTdRPT0=
TVZ5amZVYU5oeUJ5Tm1KZzU1SUpUcEcrSlFGeWh6T1ZnSllSUko1ZlFGYz0=,dWdZRGM3LzQ4OVlnRHNsN1NBTDhKek5TN3FOMDBjZTdnMGVMMXQzQWgzZz0=,TVZ5amZVYU5oeUJ5Tm1KZzU1SUpUcEcrSlFGeWh6T1ZnSllSUko1ZlFGYz0=,VzVyTmJrYXZheGRicnJobG1VcXhqMGsxNnhXMkJ6MkZjRlhtRnF5U1R6WT0=,L1dqOEIwNHI2cDNXYlo3OTRRSFFpeXZ2eDhaRDFDVmtXbjhUb0FKdElKRUJBVkNJZngrNklXZ2tzdXZBeVBVVXBrdW5XWkw3TzB2UFdZM0Y1QWxHMjhrSU9PNkZ1OS9BN2pZclV4dkppdWNzUnk1aTkzenNFdWR5ak9wOFhHSDc=,bndHN1d6U1cvYXdoSzJsWWJYYndMNWxvMmRvbm1kTW9lWkZXM0F5SXpVbz0=,cTVSNEJZcm1HQnBHTUJlNEdpRUxHN214dTU3NitDTzV5TU96Ymk2L3JkaDdDSFVROVB6OWxJZU5pdTlLQXhYRjdCeEtNaTI1d0ZROC9RN1NHTVlwcjh3clE5QnpjanpKUmdQeXI2UGtqd0ZGOW1UdlJPOWNjUGI5TEE0R0dqOWhhd2MvaDdkb3FVTUM4MTlyOGErZXVYZTRBSHk5a3BYaFNIeE5ibTRaUU9teFVRWmRwYXRZQlJ5UVZ2ZVJqNmZkQU1hMEVDVkJxMzNUTXdVeDh4TWFncnp6OTJOYkh3TXBNaWkwWlF3QkpZSWE4UEtPNHlGeHdDZDdjT3gzdjI3YjBoRnM5ZFhYeFc5aFIyaVZtUE1JRmRqTjhGYlVxcjNEcHVsU3JybnZzS01tUlZBckhWd1VRZURYOUhuWXg1VGl3N3dDQmFBSGxRMW41R0ljME5XMlNCOUhlSkl0VEJLbHAyQWJmMmlCOWRXWlVFdnhWWm9lTnM4bWlyeTkwcWt0SHJ4M2lPODFycUM0aXZvNzBXM2dtNHRCMHJoWVJyNFdYcDVYK1pXeHpUdFI0aElUWmxjdTRHdUlMbnJNcTRNajc1dDZmUGoxcWcxUDdaM1J1dnl3UHpwUXFFc1pUOTVaYU0rdjNJcVpkMXdScVRndno4WUsyV0RCakdnNXZ1c0czeHRIc0VhbTh4Y2FnRllISXZEaHJCN2N1OWRSRmpjR25iSlFTSjF2T3VQOWZjM0EvUExTTmdIQnYwTGRERmQxZmM3c1BYYmRFWkcyZU1yN1pnM2lCSUsrdHE5K3NLbEoxSjE0WnlLdmh3MTdnY2JqbXlIUTBaN3RIQUZBa1lnSGlvQ0tWVmNsRTEvSW5HOWx5dTBxdXc9PQ==
V1NyNjFzd1RxMXhZa2pJcTkwdEhuRTU1R0VFZmprcldQSWJlTnR3NjNaTT0=,dWdZRGM3LzQ4OVlnRHNsN1NBTDhKek5TN3FOMDBjZTdnMGVMMXQzQWgzZz0=,V1NyNjFzd1RxMXhZa2pJcTkwdEhuRTU1R0VFZmprcldQSWJlTnR3NjNaTT0=,VzVyTmJrYXZheGRicnJobG1VcXhqMGsxNnhXMkJ6MkZjRlhtRnF5U1R6WT0=,L1dqOEIwNHI2cDNXYlo3OTRRSFFpeXZ2eDhaRDFDVmtXbjhUb0FKdElKRUJBVkNJZngrNklXZ2tzdXZBeVBVVXBrdW5XWkw3TzB2UFdZM0Y1QWxHMnpkOTVLdHlheHpNS0tLdGZ1WkROQkpTRzZoUmo1N0dUUzlJL2VhTWVJN08=,bndHN1d6U1cvYXdoSzJsWWJYYndMNWxvMmRvbm1kTW9lWkZXM0F5SXpVbz0=,cTVSNEJZcm1HQnBHTUJlNEdpRUxHN214dTU3NitDTzV5TU96Ymk2L3JkaDdDSFVROVB6OWxJZU5pdTlLQXhYRjdCeEtNaTI1d0ZROC9RN1NHTVlwcjh3clE5QnpjanpKUmdQeXI2UGtqd0ZGOW1UdlJPOWNjUGI5TEE0R0dqOWhhd2MvaDdkb3FVTUM4MTlyOGErZXVYZTRBSHk5a3BYaFNIeE5ibTRaUU9teFVRWmRwYXRZQlJ5UVZ2ZVJqNmZkQU1hMEVDVkJxMzNUTXdVeDh4TWFncnp6OTJOYkh3TXBNaWkwWlF3QkpZSWE4UEtPNHlGeHdDZDdjT3gzdjI3YjBoRnM5ZFhYeFc5aFIyaVZtUE1JRmRqTjhGYlVxcjNEcHVsU3JybnZzS01tUlZBckhWd1VRZURYOUhuWXg1VGl3N3dDQmFBSGxRMW41R0ljME5XMlNCOUhlSkl0VEJLbHAyQWJmMmlCOWRXWlVFdnhWWm9lTnM4bWlyeTkwcWt0SHJ4M2lPODFycUM0aXZvNzBXM2dtNHRCMHJoWVJyNFdYcDVYK1pXeHpUdFI0aElUWmxjdTRHdUlMbnJNcTRNajc1dDZmUGoxcWcxUDdaM1J1dnl3UHpwUXFFc1pUOTVaYU0rdjNJcVpkMXdScVRndno4WUsyV0RCakdnNXZ1c0czeHRIc0VhbTh4Y2FnRllISXZEaHJCN2N1OWRSRmpjR25iSlFTSjF2T3VQOWZjM0EvUExTTmdIQnYwTGRERmQxZmM3c1BYYmRFWkcyZU1yN1pnM2lCSUsrdHE5K3NLbEoxSjE0WnlLdmh3MTdnY2JqbXlIUTBaN3RIQUZBa1lnSGlvQ0tWVmNsRTEvSW5HOWx5dTBxdXc9PQ==
UjJRbE1jRmlOVXNCRnd6VkRGbnMyYTV3bmxBclU5bTR4WEwyaENIdDB4WT0=,L1dSNWhHY08yUWo1dFpKNXVJMTE1MmorR3NEckVOZWM1Q1ZBVjN0M1haQT0=,UjJRbE1jRmlOVXNCRnd6VkRGbnMyYTV3bmxBclU5bTR4WEwyaENIdDB4WT0=,aVNTWkJWbDlzNHN5UnlYSUc4TWo0ZGhIUGxqUEE4dERZc1R3eTVRbWRyZz0=,UktJSTM0U0k3OGFoMkoveHVNalRQRnY0ajVGY2JIZUtrUzFSN0szVnJQOD0=,YWREWmwrWEVpVlpFNG12ejJoQ2JIZXlyYVU1dFZ5TmlhNE96OWJ5T2xmUT0=,LzErY1d2cVVaSS9zODJ2ZmNFd1ZhVHJrWm9KeUpCSFRrTWUrdlNaMzNrcz0=
RzduNW81cnFyUGxpTUpVQTExK2FJYk5UTE1pbm5ZUFRQU0FweVd2ck9oVT0=,L1dSNWhHY08yUWo1dFpKNXVJMTE1MmorR3NEckVOZWM1Q1ZBVjN0M1haQT0=,RzduNW81cnFyUGxpTUpVQTExK2FJYk5UTE1pbm5ZUFRQU0FweVd2ck9oVT0=,aVNTWkJWbDlzNHN5UnlYSUc4TWo0ZGhIUGxqUEE4dERZc1R3eTVRbWRyZz0=,UktJSTM0U0k3OGFoMkoveHVNalRQRnY0ajVGY2JIZUtrUzFSN0szVnJQOD0=,YWREWmwrWEVpVlpFNG12ejJoQ2JIZXlyYVU1dFZ5TmlhNE96OWJ5T2xmUT0=,LzErY1d2cVVaSS9zODJ2ZmNFd1ZhVHJrWm9KeUpCSFRrTWUrdlNaMzNrcz0=
aGNEandnZmloeEthdlpWdmFiYllTbkZ1RFFtcXo5TjdkOHRaZWhkY0p3az0=,L1dSNWhHY08yUWo1dFpKNXVJMTE1MmorR3NEckVOZWM1Q1ZBVjN0M1haQT0=,aGNEandnZmloeEthdlpWdmFiYllTbkZ1RFFtcXo5TjdkOHRaZWhkY0p3az0=,aVNTWkJWbDlzNHN5UnlYSUc4TWo0ZGhIUGxqUEE4dERZc1R3eTVRbWRyZz0=,UktJSTM0U0k3OGFoMkoveHVNalRQRnY0ajVGY2JIZUtrUzFSN0szVnJQOD0=,YWREWmwrWEVpVlpFNG12ejJoQ2JIZXlyYVU1dFZ5TmlhNE96OWJ5T2xmUT0=,LzErY1d2cVVaSS9zODJ2ZmNFd1ZhVHJrWm9KeUpCSFRrTWUrdlNaMzNrcz0=
MTdIUVoxZFg4OFpiKzk2bEh5M20xNERHem0zZnhWSzF2TzlBOEtncHBXND0=,L1dSNWhHY08yUWo1dFpKNXVJMTE1MmorR3NEckVOZWM1Q1ZBVjN0M1haQT0=,MTdIUVoxZFg4OFpiKzk2bEh5M20xNERHem0zZnhWSzF2TzlBOEtncHBXND0=,aVNTWkJWbDlzNHN5UnlYSUc4TWo0ZGhIUGxqUEE4dERZc1R3eTVRbWRyZz0=,UktJSTM0U0k3OGFoMkoveHVNalRQRnY0ajVGY2JIZUtrUzFSN0szVnJQOD0=,YWREWmwrWEVpVlpFNG12ejJoQ2JIZXlyYVU1dFZ5TmlhNE96OWJ5T2xmUT0=,LzErY1d2cVVaSS9zODJ2ZmNFd1ZhVHJrWm9KeUpCSFRrTWUrdlNaMzNrcz0=
ZmlYS1I5dFBGRWZSVmFXTXBHNExDM00zdVd0MHB1VU1xc280QzFqVjhVWT0=,SndhMHdsdWpxaU4wT3c3N2Q3WDQ4QmV4bFlOQU1WRU9TVHE5Z2NiaVpsQT0=,ZmlYS1I5dFBGRWZSVmFXTXBHNExDM00zdVd0MHB1VU1xc280QzFqVjhVWT0=,aVNTWkJWbDlzNHN5UnlYSUc4TWo0ZGhIUGxqUEE4dERZc1R3eTVRbWRyZz0=,UktJSTM0U0k3OGFoMkoveHVNalRQRnY0ajVGY2JIZUtrUzFSN0szVnJQOD0=,YWREWmwrWEVpVlpFNG12ejJoQ2JIZXlyYVU1dFZ5TmlhNE96OWJ5T2xmUT0=,LzErY1d2cVVaSS9zODJ2ZmNFd1ZhVHJrWm9KeUpCSFRrTWUrdlNaMzNrcz0=
RVYzbitjZ1h6cVZlMFpQTGYvQUppWTlrM25SOEZHbzFHenJ3b0NCY01YTT0=,L1dSNWhHY08yUWo1dFpKNXVJMTE1MmorR3NEckVOZWM1Q1ZBVjN0M1haQT0=,RVYzbitjZ1h6cVZlMFpQTGYvQUppWTlrM25SOEZHbzFHenJ3b0NCY01YTT0=,aVNTWkJWbDlzNHN5UnlYSUc4TWo0ZGhIUGxqUEE4dERZc1R3eTVRbWRyZz0=,UktJSTM0U0k3OGFoMkoveHVNalRQRnY0ajVGY2JIZUtrUzFSN0szVnJQOD0=,YWREWmwrWEVpVlpFNG12ejJoQ2JIZXlyYVU1dFZ5TmlhNE96OWJ5T2xmUT0=,LzErY1d2cVVaSS9zODJ2ZmNFd1ZhVHJrWm9KeUpCSFRrTWUrdlNaMzNrcz0=
SnVYTmJGRXRDZ0E1dzE0VGlLOEwyOFlwbFVITFp0RkJGeWRlbW5uWWpOND0=,L1dSNWhHY08yUWo1dFpKNXVJMTE1MmorR3NEckVOZWM1Q1ZBVjN0M1haQT0=,SnVYTmJGRXRDZ0E1dzE0VGlLOEwyOFlwbFVITFp0RkJGeWRlbW5uWWpOND0=,aVNTWkJWbDlzNHN5UnlYSUc4TWo0ZGhIUGxqUEE4dERZc1R3eTVRbWRyZz0=,UktJSTM0U0k3OGFoMkoveHVNalRQRnY0ajVGY2JIZUtrUzFSN0szVnJQOD0=,YWREWmwrWEVpVlpFNG12ejJoQ2JIZXlyYVU1dFZ5TmlhNE96OWJ5T2xmUT0=,LzErY1d2cVVaSS9zODJ2ZmNFd1ZhVHJrWm9KeUpCSFRrTWUrdlNaMzNrcz0=
SjZ5ajE0R3V3VUV2d0NXcXpFbm9JaUJvYmJIZWRnZUE2Q3l1MWNqMUU5UT0=,L1dSNWhHY08yUWo1dFpKNXVJMTE1MmorR3NEckVOZWM1Q1ZBVjN0M1haQT0=,SjZ5ajE0R3V3VUV2d0NXcXpFbm9JaUJvYmJIZWRnZUE2Q3l1MWNqMUU5UT0=,aVNTWkJWbDlzNHN5UnlYSUc4TWo0ZGhIUGxqUEE4dERZc1R3eTVRbWRyZz0=,UktJSTM0U0k3OGFoMkoveHVNalRQRnY0ajVGY2JIZUtrUzFSN0szVnJQOD0=,YWREWmwrWEVpVlpFNG12ejJoQ2JIZXlyYVU1dFZ5TmlhNE96OWJ5T2xmUT0=,LzErY1d2cVVaSS9zODJ2ZmNFd1ZhVHJrWm9KeUpCSFRrTWUrdlNaMzNrcz0=
SXAvSjl2ZnEvNytmVzlBUnh5cndvU0dsbkNPV3o4dmtha0hXODFvNkJ6ST0=,SndhMHdsdWpxaU4wT3c3N2Q3WDQ4QmV4bFlOQU1WRU9TVHE5Z2NiaVpsQT0=,SXAvSjl2ZnEvNytmVzlBUnh5cndvU0dsbkNPV3o4dmtha0hXODFvNkJ6ST0=,aVNTWkJWbDlzNHN5UnlYSUc4TWo0ZGhIUGxqUEE4dERZc1R3eTVRbWRyZz0=,UktJSTM0U0k3OGFoMkoveHVNalRQRnY0ajVGY2JIZUtrUzFSN0szVnJQOD0=,YWREWmwrWEVpVlpFNG12ejJoQ2JIZXlyYVU1dFZ5TmlhNE96OWJ5T2xmUT0=,LzErY1d2cVVaSS9zODJ2ZmNFd1ZhVHJrWm9KeUpCSFRrTWUrdlNaMzNrcz0=
WkliUXNibXhjdUhldHpLbWxOcTllRnF0eDFtcHNSNFR6VFJDMGQ1R0tvaz0=,SndhMHdsdWpxaU4wT3c3N2Q3WDQ4QmV4bFlOQU1WRU9TVHE5Z2NiaVpsQT0=,WkliUXNibXhjdUhldHpLbWxOcTllRnF0eDFtcHNSNFR6VFJDMGQ1R0tvaz0=,aVNTWkJWbDlzNHN5UnlYSUc4TWo0ZGhIUGxqUEE4dERZc1R3eTVRbWRyZz0=,UktJSTM0U0k3OGFoMkoveHVNalRQRnY0ajVGY2JIZUtrUzFSN0szVnJQOD0=,YWREWmwrWEVpVlpFNG12ejJoQ2JIZXlyYVU1dFZ5TmlhNE96OWJ5T2xmUT0=,LzErY1d2cVVaSS9zODJ2ZmNFd1ZhVHJrWm9KeUpCSFRrTWUrdlNaMzNrcz0=
TkVzYS80c1cwU0lMRDFGSy84bzY0d1dxekxZNDlVUEVoQjRtT2JnOFZBbz0=,L1dSNWhHY08yUWo1dFpKNXVJMTE1MmorR3NEckVOZWM1Q1ZBVjN0M1haQT0=,TkVzYS80c1cwU0lMRDFGSy84bzY0d1dxekxZNDlVUEVoQjRtT2JnOFZBbz0=,aVNTWkJWbDlzNHN5UnlYSUc4TWo0ZGhIUGxqUEE4dERZc1R3eTVRbWRyZz0=,UktJSTM0U0k3OGFoMkoveHVNalRQRnY0ajVGY2JIZUtrUzFSN0szVnJQOD0=,YWREWmwrWEVpVlpFNG12ejJoQ2JIZXlyYVU1dFZ5TmlhNE96OWJ5T2xmUT0=,LzErY1d2cVVaSS9zODJ2ZmNFd1ZhVHJrWm9KeUpCSFRrTWUrdlNaMzNrcz0=
aXVKenBoWHU4eWQzL1RHc3V6ZXVmMktIc1ZPVmtxeTRBcXhFYnVYSVhDbz0=,L1dSNWhHY08yUWo1dFpKNXVJMTE1MmorR3NEckVOZWM1Q1ZBVjN0M1haQT0=,aXVKenBoWHU4eWQzL1RHc3V6ZXVmMktIc1ZPVmtxeTRBcXhFYnVYSVhDbz0=,aVNTWkJWbDlzNHN5UnlYSUc4TWo0ZGhIUGxqUEE4dERZc1R3eTVRbWRyZz0=,UktJSTM0U0k3OGFoMkoveHVNalRQRnY0ajVGY2JIZUtrUzFSN0szVnJQOD0=,YWREWmwrWEVpVlpFNG12ejJoQ2JIZXlyYVU1dFZ5TmlhNE96OWJ5T2xmUT0=,LzErY1d2cVVaSS9zODJ2ZmNFd1ZhVHJrWm9KeUpCSFRrTWUrdlNaMzNrcz0=
VGMyZUl4OVQyTW9hR3hHVjA5MzlDbUlGNlZkMjg5REh1SWtsL0V1bEdPWT0=,Q1JkTDhZeUdCQVdYZjFqVG9TOXNXSlUydVdmNEQ0OVZreS9PaHhaVzRvcz0=,VGMyZUl4OVQyTW9hR3hHVjA5MzlDbUlGNlZkMjg5REh1SWtsL0V1bEdPWT0=,aVNTWkJWbDlzNHN5UnlYSUc4TWo0ZGhIUGxqUEE4dERZc1R3eTVRbWRyZz0=,UktJSTM0U0k3OGFoMkoveHVNalRQRnY0ajVGY2JIZUtrUzFSN0szVnJQOD0=,YWREWmwrWEVpVlpFNG12ejJoQ2JIZXlyYVU1dFZ5TmlhNE96OWJ5T2xmUT0=,LzErY1d2cVVaSS9zODJ2ZmNFd1ZhVHJrWm9KeUpCSFRrTWUrdlNaMzNrcz0=
aGViUmxuQTFDd21zTmpVTDdDV2RhbU9WcURiYTRzSFZGalE0VGlML05PTT0=,Q1JkTDhZeUdCQVdYZjFqVG9TOXNXSlUydVdmNEQ0OVZreS9PaHhaVzRvcz0=,aGViUmxuQTFDd21zTmpVTDdDV2RhbU9WcURiYTRzSFZGalE0VGlML05PTT0=,aVNTWkJWbDlzNHN5UnlYSUc4TWo0ZGhIUGxqUEE4dERZc1R3eTVRbWRyZz0=,UktJSTM0U0k3OGFoMkoveHVNalRQRnY0ajVGY2JIZUtrUzFSN0szVnJQOD0=,YWREWmwrWEVpVlpFNG12ejJoQ2JIZXlyYVU1dFZ5TmlhNE96OWJ5T2xmUT0=,LzErY1d2cVVaSS9zODJ2ZmNFd1ZhVHJrWm9KeUpCSFRrTWUrdlNaMzNrcz0=
SE43b01UcE1ETTdwdnZ3dVEycy9SVmJZcUpzUWpMc2VoQ2xFNlhOc0w4MD0=,L1dSNWhHY08yUWo1dFpKNXVJMTE1MmorR3NEckVOZWM1Q1ZBVjN0M1haQT0=,SE43b01UcE1ETTdwdnZ3dVEycy9SVmJZcUpzUWpMc2VoQ2xFNlhOc0w4MD0=,aVNTWkJWbDlzNHN5UnlYSUc4TWo0ZGhIUGxqUEE4dERZc1R3eTVRbWRyZz0=,UktJSTM0U0k3OGFoMkoveHVNalRQRnY0ajVGY2JIZUtrUzFSN0szVnJQOD0=,YWREWmwrWEVpVlpFNG12ejJoQ2JIZXlyYVU1dFZ5TmlhNE96OWJ5T2xmUT0=,LzErY1d2cVVaSS9zODJ2ZmNFd1ZhVHJrWm9KeUpCSFRrTWUrdlNaMzNrcz0=
dW9wZGJTRUpEZFpTTXZHYlJyYjVlRnlMMFZWZitCK3FFMEttZmZwOUdPTT0=,bjJKREJRTy90MTlxaUQ5RTNUTEtweXRsZ2ZGdmdTYXIzNmVSUGRtUXhkRT0=,dW9wZGJTRUpEZFpTTXZHYlJyYjVlRnlMMFZWZitCK3FFMEttZmZwOUdPTT0=,aVNTWkJWbDlzNHN5UnlYSUc4TWo0ZGhIUGxqUEE4dERZc1R3eTVRbWRyZz0=,UktJSTM0U0k3OGFoMkoveHVNalRQRnY0ajVGY2JIZUtrUzFSN0szVnJQOD0=,YWREWmwrWEVpVlpFNG12ejJoQ2JIZXlyYVU1dFZ5TmlhNE96OWJ5T2xmUT0=,LzErY1d2cVVaSS9zODJ2ZmNFd1ZhVHJrWm9KeUpCSFRrTWUrdlNaMzNrcz0=
bXJHZHJqN1hKQWJLV1V0bk1wbWVCZGJLMTdiUDFVNllkOFhRWG9yNmJPQT0=,Q1JkTDhZeUdCQVdYZjFqVG9TOXNXSlUydVdmNEQ0OVZreS9PaHhaVzRvcz0=,bXJHZHJqN1hKQWJLV1V0bk1wbWVCZGJLMTdiUDFVNllkOFhRWG9yNmJPQT0=,aVNTWkJWbDlzNHN5UnlYSUc4TWo0ZGhIUGxqUEE4dERZc1R3eTVRbWRyZz0=,UktJSTM0U0k3OGFoMkoveHVNalRQRnY0ajVGY2JIZUtrUzFSN0szVnJQOD0=,YWREWmwrWEVpVlpFNG12ejJoQ2JIZXlyYVU1dFZ5TmlhNE96OWJ5T2xmUT0=,LzErY1d2cVVaSS9zODJ2ZmNFd1ZhVHJrWm9KeUpCSFRrTWUrdlNaMzNrcz0=
Q1MrUUJ5aE9SdkdPVmQvdm1DaEhNbXpUQ054RnozUnZxV1MvbVBjOFF2RT0=,L1dSNWhHY08yUWo1dFpKNXVJMTE1MmorR3NEckVOZWM1Q1ZBVjN0M1haQT0=,Q1MrUUJ5aE9SdkdPVmQvdm1DaEhNbXpUQ054RnozUnZxV1MvbVBjOFF2RT0=,aVNTWkJWbDlzNHN5UnlYSUc4TWo0ZGhIUGxqUEE4dERZc1R3eTVRbWRyZz0=,UktJSTM0U0k3OGFoMkoveHVNalRQRnY0ajVGY2JIZUtrUzFSN0szVnJQOD0=,YWREWmwrWEVpVlpFNG12ejJoQ2JIZXlyYVU1dFZ5TmlhNE96OWJ5T2xmUT0=,LzErY1d2cVVaSS9zODJ2ZmNFd1ZhVHJrWm9KeUpCSFRrTWUrdlNaMzNrcz0=
SjZRam12cXh5VUhYaUEzclRVT1ZCbE9URDBqTFdTekYwZEp0OGZLOW9JMD0=,L1dSNWhHY08yUWo1dFpKNXVJMTE1MmorR3NEckVOZWM1Q1ZBVjN0M1haQT0=,SjZRam12cXh5VUhYaUEzclRVT1ZCbE9URDBqTFdTekYwZEp0OGZLOW9JMD0=,aVNTWkJWbDlzNHN5UnlYSUc4TWo0ZGhIUGxqUEE4dERZc1R3eTVRbWRyZz0=,UktJSTM0U0k3OGFoMkoveHVNalRQRnY0ajVGY2JIZUtrUzFSN0szVnJQOD0=,YWREWmwrWEVpVlpFNG12ejJoQ2JIZXlyYVU1dFZ5TmlhNE96OWJ5T2xmUT0=,LzErY1d2cVVaSS9zODJ2ZmNFd1ZhVHJrWm9KeUpCSFRrTWUrdlNaMzNrcz0=
WGdoWnloaG80OFJRV3BUSGhzWXB5OWFFOEs2b01PaHVFRCtBYWE0ZnE3UT0=,L1dSNWhHY08yUWo1dFpKNXVJMTE1MmorR3NEckVOZWM1Q1ZBVjN0M1haQT0=,WGdoWnloaG80OFJRV3BUSGhzWXB5OWFFOEs2b01PaHVFRCtBYWE0ZnE3UT0=,aVNTWkJWbDlzNHN5UnlYSUc4TWo0ZGhIUGxqUEE4dERZc1R3eTVRbWRyZz0=,UktJSTM0U0k3OGFoMkoveHVNalRQRnY0ajVGY2JIZUtrUzFSN0szVnJQOD0=,YWREWmwrWEVpVlpFNG12ejJoQ2JIZXlyYVU1dFZ5TmlhNE96OWJ5T2xmUT0=,LzErY1d2cVVaSS9zODJ2ZmNFd1ZhVHJrWm9KeUpCSFRrTWUrdlNaMzNrcz0=
SjRiNGpsMVdwd042b1hQa1A1VVVRMFJodVh6KzB5NDB0SXMza1F6NDdLOD0=,Q1JkTDhZeUdCQVdYZjFqVG9TOXNXSlUydVdmNEQ0OVZreS9PaHhaVzRvcz0=,SjRiNGpsMVdwd042b1hQa1A1VVVRMFJodVh6KzB5NDB0SXMza1F6NDdLOD0=,aVNTWkJWbDlzNHN5UnlYSUc4TWo0ZGhIUGxqUEE4dERZc1R3eTVRbWRyZz0=,UktJSTM0U0k3OGFoMkoveHVNalRQRnY0ajVGY2JIZUtrUzFSN0szVnJQOD0=,YWREWmwrWEVpVlpFNG12ejJoQ2JIZXlyYVU1dFZ5TmlhNE96OWJ5T2xmUT0=,LzErY1d2cVVaSS9zODJ2ZmNFd1ZhVHJrWm9KeUpCSFRrTWUrdlNaMzNrcz0=
dG54RUYrVCtwR0lpbUZWUHREb2g5SjNURTJmbk1qeTVRd1hUd012bCt2bz0=,Q1JkTDhZeUdCQVdYZjFqVG9TOXNXSlUydVdmNEQ0OVZreS9PaHhaVzRvcz0=,dG54RUYrVCtwR0lpbUZWUHREb2g5SjNURTJmbk1qeTVRd1hUd012bCt2bz0=,aVNTWkJWbDlzNHN5UnlYSUc4TWo0ZGhIUGxqUEE4dERZc1R3eTVRbWRyZz0=,UktJSTM0U0k3OGFoMkoveHVNalRQRnY0ajVGY2JIZUtrUzFSN0szVnJQOD0=,YWREWmwrWEVpVlpFNG12ejJoQ2JIZXlyYVU1dFZ5TmlhNE96OWJ5T2xmUT0=,LzErY1d2cVVaSS9zODJ2ZmNFd1ZhVHJrWm9KeUpCSFRrTWUrdlNaMzNrcz0=
ZHFOM0E3WDBmeThMcjl3REtZSmUzeHVHZExjMnB4Z2hNNTVLYTNmUE04ST0=,SndhMHdsdWpxaU4wT3c3N2Q3WDQ4QmV4bFlOQU1WRU9TVHE5Z2NiaVpsQT0=,ZHFOM0E3WDBmeThMcjl3REtZSmUzeHVHZExjMnB4Z2hNNTVLYTNmUE04ST0=,aVNTWkJWbDlzNHN5UnlYSUc4TWo0ZGhIUGxqUEE4dERZc1R3eTVRbWRyZz0=,UktJSTM0U0k3OGFoMkoveHVNalRQRnY0ajVGY2JIZUtrUzFSN0szVnJQOD0=,YWREWmwrWEVpVlpFNG12ejJoQ2JIZXlyYVU1dFZ5TmlhNE96OWJ5T2xmUT0=,LzErY1d2cVVaSS9zODJ2ZmNFd1ZhVHJrWm9KeUpCSFRrTWUrdlNaMzNrcz0=
WnRnMktIQzhkMW9lTUJCdG5vSG9tTmU1R0pZemxWN1hqUnhtQTllSjMxVT0=,L1dSNWhHY08yUWo1dFpKNXVJMTE1MmorR3NEckVOZWM1Q1ZBVjN0M1haQT0=,WnRnMktIQzhkMW9lTUJCdG5vSG9tTmU1R0pZemxWN1hqUnhtQTllSjMxVT0=,aVNTWkJWbDlzNHN5UnlYSUc4TWo0ZGhIUGxqUEE4dERZc1R3eTVRbWRyZz0=,UktJSTM0U0k3OGFoMkoveHVNalRQRnY0ajVGY2JIZUtrUzFSN0szVnJQOD0=,YWREWmwrWEVpVlpFNG12ejJoQ2JIZXlyYVU1dFZ5TmlhNE96OWJ5T2xmUT0=,LzErY1d2cVVaSS9zODJ2ZmNFd1ZhVHJrWm9KeUpCSFRrTWUrdlNaMzNrcz0=
ejNpOXBIZGpzaUtIeFh6NzhaMnd5ZEsxL05peTByb0w4RXZwV3lEdjM3bz0=,Q1JkTDhZeUdCQVdYZjFqVG9TOXNXSlUydVdmNEQ0OVZreS9PaHhaVzRvcz0=,ejNpOXBIZGpzaUtIeFh6NzhaMnd5ZEsxL05peTByb0w4RXZwV3lEdjM3bz0=,YkEzZmdTYTNIRVdqSm4zem1qTEM2b0xWSmN1VGlHeVJUSVZDQU5aTHoxSnU4YytFc0l4OS80Si9zWStHcUFUYjFPb1ZDR04vZUJReFBXSk42ZFMwbkE9PQ==,bndHN1d6U1cvYXdoSzJsWWJYYndMNWxvMmRvbm1kTW9lWkZXM0F5SXpVbz0=,cTVSNEJZcm1HQnBHTUJlNEdpRUxHN3A0bHQrV2UxWVpVT1ZITEg3bUgzakhjRHhMSE95WlJHZ09jODJobjJLbVBySXFpYWs3M05VRjA0RUp5bVpLem90Z2JjRmZOZCtYdHRkaDNHRlJSTkptemFwL09WZXJNbkc4OUxBUmQ4L093K3BDdXJGV0F6d1g3UEp3V0hPUWtmRzFlMWJENUhJYWRNV2p5by92czdiZVpHTmtHcVpOaGdKU0MvdlVXY0hiTEtCYjBEQy8xQ3RkSTd5WDR0OWF0RGs1WERKOWNCa0VYTGVvaWJVVEFnaDVkbE1BaDNwV2hLaUVxb1pLYXRCa0JnNldqZXBRTGVvaXNxMDl6S2tQN2Q3MEpXQU5ubngxZDE5bTc0SVVXbW1tSXkydUQ2eHEyZWVQR1k3blZFMFR1Q3NIWjdiUi9VNTNtKzdybW4yQndRbDVGcnNsZE9mN05wbzNUZ3ovVjkzNlJGTkN6Ym9TVytqMndoTWI1NVdrSE1wTUZjR1R6c3JwdER6bWpWOE1mS1dob1RINTlBSkppcmx6alBORnowWEpnSHhXSnAzaCtpakZic25zdUMweGw0aFVCWjQzWE80VmFueS9GckNIUFRtTnRqVE50UWQ2dU9kSmtpY2dKRklZMWVCb0RUUml4MHBCajFydmVlblM=,LzErY1d2cVVaSS9zODJ2ZmNFd1ZhVHJrWm9KeUpCSFRrTWUrdlNaMzNrcz0=
UjRmUmhxV0NqMDJJRHBwRHl5WHBrWWVoU3RibXRoYXE3NnhGZlNaRlZYWT0=,Q1JkTDhZeUdCQVdYZjFqVG9TOXNXSlUydVdmNEQ0OVZreS9PaHhaVzRvcz0=,UjRmUmhxV0NqMDJJRHBwRHl5WHBrWWVoU3RibXRoYXE3NnhGZlNaRlZYWT0=,aVNTWkJWbDlzNHN5UnlYSUc4TWo0ZGhIUGxqUEE4dERZc1R3eTVRbWRyZz0=,UktJSTM0U0k3OGFoMkoveHVNalRQRnY0ajVGY2JIZUtrUzFSN0szVnJQOD0=,YWREWmwrWEVpVlpFNG12ejJoQ2JIZXlyYVU1dFZ5TmlhNE96OWJ5T2xmUT0=,LzErY1d2cVVaSS9zODJ2ZmNFd1ZhVHJrWm9KeUpCSFRrTWUrdlNaMzNrcz0=
Z3dUMzcwaFNRV0ZjcUdyYmZPTlUrcUlram9HT1plNXdsSmtOcEdMYkZxbz0=,Q1JkTDhZeUdCQVdYZjFqVG9TOXNXSlUydVdmNEQ0OVZreS9PaHhaVzRvcz0=,Z3dUMzcwaFNRV0ZjcUdyYmZPTlUrcUlram9HT1plNXdsSmtOcEdMYkZxbz0=,YkEzZmdTYTNIRVdqSm4zem1qTEM2b0xWSmN1VGlHeVJUSVZDQU5aTHoxSnU4YytFc0l4OS80Si9zWStHcUFUYjFPb1ZDR04vZUJReFBXSk42ZFMwbkE9PQ==,bndHN1d6U1cvYXdoSzJsWWJYYndMNWxvMmRvbm1kTW9lWkZXM0F5SXpVbz0=,cTVSNEJZcm1HQnBHTUJlNEdpRUxHN3A0bHQrV2UxWVpVT1ZITEg3bUgzakhjRHhMSE95WlJHZ09jODJobjJLbVBySXFpYWs3M05VRjA0RUp5bVpLem90Z2JjRmZOZCtYdHRkaDNHRlJSTkptemFwL09WZXJNbkc4OUxBUmQ4L093K3BDdXJGV0F6d1g3UEp3V0hPUWtmRzFlMWJENUhJYWRNV2p5by92czdiZVpHTmtHcVpOaGdKU0MvdlVXY0hiTEtCYjBEQy8xQ3RkSTd5WDR0OWF0RGs1WERKOWNCa0VYTGVvaWJVVEFnaDVkbE1BaDNwV2hLaUVxb1pLYXRCa0JnNldqZXBRTGVvaXNxMDl6S2tQN2Q3MEpXQU5ubngxZDE5bTc0SVVXbW1tSXkydUQ2eHEyZWVQR1k3blZFMFR1Q3NIWjdiUi9VNTNtKzdybW4yQndRbDVGcnNsZE9mN05wbzNUZ3ovVjkzNlJGTkN6Ym9TVytqMndoTWI1NVdrSE1wTUZjR1R6c3JwdER6bWpWOE1mS1dob1RINTlBSkppcmx6alBORnowWEpnSHhXSnAzaCtpakZic25zdUMweGw0aFVCWjQzWE80VmFueS9GckNIUFRtTnRqVE50UWQ2dU9kSmtpY2dKRklZMWVCb0RUUml4MHBCajFydmVlblM=,LzErY1d2cVVaSS9zODJ2ZmNFd1ZhVHJrWm9KeUpCSFRrTWUrdlNaMzNrcz0=
c2tDcHhlVFZMYUdjWGpzYzVGZE1UV25uZGJ4Ni9LT2M1UkdwY3A4ZUNuRT0=,Q1JkTDhZeUdCQVdYZjFqVG9TOXNXSlUydVdmNEQ0OVZreS9PaHhaVzRvcz0=,c2tDcHhlVFZMYUdjWGpzYzVGZE1UV25uZGJ4Ni9LT2M1UkdwY3A4ZUNuRT0=,YkEzZmdTYTNIRVdqSm4zem1qTEM2b0xWSmN1VGlHeVJUSVZDQU5aTHoxSnU4YytFc0l4OS80Si9zWStHcUFUYjFPb1ZDR04vZUJReFBXSk42ZFMwbkE9PQ==,bndHN1d6U1cvYXdoSzJsWWJYYndMNWxvMmRvbm1kTW9lWkZXM0F5SXpVbz0=,cTVSNEJZcm1HQnBHTUJlNEdpRUxHN3A0bHQrV2UxWVpVT1ZITEg3bUgzakhjRHhMSE95WlJHZ09jODJobjJLbVBySXFpYWs3M05VRjA0RUp5bVpLem90Z2JjRmZOZCtYdHRkaDNHRlJSTkptemFwL09WZXJNbkc4OUxBUmQ4L093K3BDdXJGV0F6d1g3UEp3V0hPUWtmRzFlMWJENUhJYWRNV2p5by92czdiZVpHTmtHcVpOaGdKU0MvdlVXY0hiTEtCYjBEQy8xQ3RkSTd5WDR0OWF0RGs1WERKOWNCa0VYTGVvaWJVVEFnaDVkbE1BaDNwV2hLaUVxb1pLYXRCa0JnNldqZXBRTGVvaXNxMDl6S2tQN2Q3MEpXQU5ubngxZDE5bTc0SVVXbW1tSXkydUQ2eHEyZWVQR1k3blZFMFR1Q3NIWjdiUi9VNTNtKzdybW4yQndRbDVGcnNsZE9mN05wbzNUZ3ovVjkzNlJGTkN6Ym9TVytqMndoTWI1NVdrSE1wTUZjR1R6c3JwdER6bWpWOE1mS1dob1RINTlBSkppcmx6alBORnowWEpnSHhXSnAzaCtpakZic25zdUMweGw0aFVCWjQzWE80VmFueS9GckNIUFRtTnRqVE50UWQ2dU9kSmtpY2dKRklZMWVCb0RUUml4MHBCajFydmVlblM=,LzErY1d2cVVaSS9zODJ2ZmNFd1ZhVHJrWm9KeUpCSFRrTWUrdlNaMzNrcz0=
Y0JoRXFrQzNIcktIMmlvdUhaWWMzNmsvRDF0dHRmM3liTEZxbDI0Vkp5UT0=,Q1JkTDhZeUdCQVdYZjFqVG9TOXNXSlUydVdmNEQ0OVZreS9PaHhaVzRvcz0=,Y0JoRXFrQzNIcktIMmlvdUhaWWMzNmsvRDF0dHRmM3liTEZxbDI0Vkp5UT0=,aVNTWkJWbDlzNHN5UnlYSUc4TWo0ZGhIUGxqUEE4dERZc1R3eTVRbWRyZz0=,UktJSTM0U0k3OGFoMkoveHVNalRQRnY0ajVGY2JIZUtrUzFSN0szVnJQOD0=,YWREWmwrWEVpVlpFNG12ejJoQ2JIZXlyYVU1dFZ5TmlhNE96OWJ5T2xmUT0=,LzErY1d2cVVaSS9zODJ2ZmNFd1ZhVHJrWm9KeUpCSFRrTWUrdlNaMzNrcz0=
ZFBsWFZYZHJoT0YySWhwSHY5UGNSZzQ5ZEZyRVgySTdOakVpTDZHY3pZZz0=,Q1JkTDhZeUdCQVdYZjFqVG9TOXNXSlUydVdmNEQ0OVZreS9PaHhaVzRvcz0=,ZFBsWFZYZHJoT0YySWhwSHY5UGNSZzQ5ZEZyRVgySTdOakVpTDZHY3pZZz0=,aVNTWkJWbDlzNHN5UnlYSUc4TWo0ZGhIUGxqUEE4dERZc1R3eTVRbWRyZz0=,UktJSTM0U0k3OGFoMkoveHVNalRQRnY0ajVGY2JIZUtrUzFSN0szVnJQOD0=,YWREWmwrWEVpVlpFNG12ejJoQ2JIZXlyYVU1dFZ5TmlhNE96OWJ5T2xmUT0=,LzErY1d2cVVaSS9zODJ2ZmNFd1ZhVHJrWm9KeUpCSFRrTWUrdlNaMzNrcz0=
K0xPZCs1S2RxRDlkZVF4RmlXUjAvVXVvaVo2WkcwcTBJeDdzVllhQTZvaz0=,SndhMHdsdWpxaU4wT3c3N2Q3WDQ4QmV4bFlOQU1WRU9TVHE5Z2NiaVpsQT0=,K0xPZCs1S2RxRDlkZVF4RmlXUjAvVXVvaVo2WkcwcTBJeDdzVllhQTZvaz0=,aVNTWkJWbDlzNHN5UnlYSUc4TWo0ZGhIUGxqUEE4dERZc1R3eTVRbWRyZz0=,UktJSTM0U0k3OGFoMkoveHVNalRQRnY0ajVGY2JIZUtrUzFSN0szVnJQOD0=,YWREWmwrWEVpVlpFNG12ejJoQ2JIZXlyYVU1dFZ5TmlhNE96OWJ5T2xmUT0=,LzErY1d2cVVaSS9zODJ2ZmNFd1ZhVHJrWm9KeUpCSFRrTWUrdlNaMzNrcz0=
K0VOY0EvYThrWnBzSjNJb1YxRUVaZFdYYmlMeE9RS24xSGlFN3VuTmVEWT0=,Q1JkTDhZeUdCQVdYZjFqVG9TOXNXSlUydVdmNEQ0OVZreS9PaHhaVzRvcz0=,K0VOY0EvYThrWnBzSjNJb1YxRUVaZFdYYmlMeE9RS24xSGlFN3VuTmVEWT0=,aVNTWkJWbDlzNHN5UnlYSUc4TWo0ZGhIUGxqUEE4dERZc1R3eTVRbWRyZz0=,UktJSTM0U0k3OGFoMkoveHVNalRQRnY0ajVGY2JIZUtrUzFSN0szVnJQOD0=,YWREWmwrWEVpVlpFNG12ejJoQ2JIZXlyYVU1dFZ5TmlhNE96OWJ5T2xmUT0=,LzErY1d2cVVaSS9zODJ2ZmNFd1ZhVHJrWm9KeUpCSFRrTWUrdlNaMzNrcz0=
MWNQdGJjaU5KNjlVRXNyeWRBdWM4U1RnNThWYzByQmMwanFHNXU0QkNIRT0=,bjJKREJRTy90MTlxaUQ5RTNUTEtweXRsZ2ZGdmdTYXIzNmVSUGRtUXhkRT0=,MWNQdGJjaU5KNjlVRXNyeWRBdWM4U1RnNThWYzByQmMwanFHNXU0QkNIRT0=,aVNTWkJWbDlzNHN5UnlYSUc4TWo0ZGhIUGxqUEE4dERZc1R3eTVRbWRyZz0=,UktJSTM0U0k3OGFoMkoveHVNalRQRnY0ajVGY2JIZUtrUzFSN0szVnJQOD0=,YWREWmwrWEVpVlpFNG12ejJoQ2JIZXlyYVU1dFZ5TmlhNE96OWJ5T2xmUT0=,LzErY1d2cVVaSS9zODJ2ZmNFd1ZhVHJrWm9KeUpCSFRrTWUrdlNaMzNrcz0=
cUdPa01DTXIwNzBBWlpxOUx6QjdDQjdsK2dqOUhjRUF0cDFSS0lvMHRUZz0=,SndhMHdsdWpxaU4wT3c3N2Q3WDQ4QmV4bFlOQU1WRU9TVHE5Z2NiaVpsQT0=,cUdPa01DTXIwNzBBWlpxOUx6QjdDQjdsK2dqOUhjRUF0cDFSS0lvMHRUZz0=,aVNTWkJWbDlzNHN5UnlYSUc4TWo0ZGhIUGxqUEE4dERZc1R3eTVRbWRyZz0=,UktJSTM0U0k3OGFoMkoveHVNalRQRnY0ajVGY2JIZUtrUzFSN0szVnJQOD0=,YWREWmwrWEVpVlpFNG12ejJoQ2JIZXlyYVU1dFZ5TmlhNE96OWJ5T2xmUT0=,LzErY1d2cVVaSS9zODJ2ZmNFd1ZhVHJrWm9KeUpCSFRrTWUrdlNaMzNrcz0=
SWpBUittc2xiaEw0TkhtYzVVWmlXV1BqOTRNRXAyelZYOU1FMGVlb0F4ST0=,SndhMHdsdWpxaU4wT3c3N2Q3WDQ4QmV4bFlOQU1WRU9TVHE5Z2NiaVpsQT0=,SWpBUittc2xiaEw0TkhtYzVVWmlXV1BqOTRNRXAyelZYOU1FMGVlb0F4ST0=,aVNTWkJWbDlzNHN5UnlYSUc4TWo0ZGhIUGxqUEE4dERZc1R3eTVRbWRyZz0=,UktJSTM0U0k3OGFoMkoveHVNalRQRnY0ajVGY2JIZUtrUzFSN0szVnJQOD0=,YWREWmwrWEVpVlpFNG12ejJoQ2JIZXlyYVU1dFZ5TmlhNE96OWJ5T2xmUT0=,LzErY1d2cVVaSS9zODJ2ZmNFd1ZhVHJrWm9KeUpCSFRrTWUrdlNaMzNrcz0=
