Rm1oUDUyMUhTNkZwVjVabGJoVHN5TUlLeEx4bHZINHZ1dTYxcHFLSFJ5Zz0=,dWdZRGM3LzQ4OVlnRHNsN1NBTDhKek5TN3FOMDBjZTdnMGVMMXQzQWgzZz0=,Rm1oUDUyMUhTNkZwVjVabGJoVHN5TUlLeEx4bHZINHZ1dTYxcHFLSFJ5Zz0=,VzVyTmJrYXZheGRicnJobG1VcXhqMGsxNnhXMkJ6MkZjRlhtRnF5U1R6WT0=,L1dqOEIwNHI2cDNXYlo3OTRRSFFpeXZ2eDhaRDFDVmtXbjhUb0FKdElKRUJBVkNJZngrNklXZ2tzdXZBeVBVVXBrdW5XWkw3TzB2UFdZM0Y1QWxHMjBSVmNjekRnOEdxeEpCZmlvSVdHNmJZTkQzNmRFNGVPVTZuWmZublpxSVk=,bndHN1d6U1cvYXdoSzJsWWJYYndMNWxvMmRvbm1kTW9lWkZXM0F5SXpVbz0=,cTVSNEJZcm1HQnBHTUJlNEdpRUxHN214dTU3NitDTzV5TU96Ymk2L3JkaDdDSFVROVB6OWxJZU5pdTlLQXhYRjdCeEtNaTI1d0ZROC9RN1NHTVlwcjh3clE5QnpjanpKUmdQeXI2UGtqd0ZGOW1UdlJPOWNjUGI5TEE0R0dqOWhhd2MvaDdkb3FVTUM4MTlyOGErZXVYZTRBSHk5a3BYaFNIeE5ibTRaUU9teFVRWmRwYXRZQlJ5UVZ2ZVJqNmZkQU1hMEVDVkJxMzNUTXdVeDh4TWFncnp6OTJOYkh3TXBNaWkwWlF3QkpZSWE4UEtPNHlGeHdDZDdjT3gzdjI3YjBoRnM5ZFhYeFc5aFIyaVZtUE1JRmRqTjhGYlVxcjNEcHVsU3JybnZzS01tUlZBckhWd1VRZURYOUhuWXg1VGl3N3dDQmFBSGxRMW41R0ljME5XMlNCOUhlSkl0VEJLbHAyQWJmMmlCOWRXWlVFdnhWWm9lTnM4bWlyeTkwcWt0SHJ4M2lPODFycUM0aXZvNzBXM2dtNHRCMHJoWVJyNFdYcDVYK1pXeHpUdFI0aElUWmxjdTRHdUlMbnJNcTRNajc1dDZmUGoxcWcxUDdaM1J1dnl3UHpwUXFFc1pUOTVaYU0rdjNJcVpkMXdScVRndno4WUsyV0RCakdnNXZ1c0czeHRIc0VhbTh4Y2FnRllISXZEaHJCN2N1OWRSRmpjR25iSlFTSjF2T3VPSnNGQ0hYNjNPRzZLUE9RZ2tMNmxGMEZTTm9qSW8xOUg3MXduczQzMm4wSXdqeWdhdklXZEFvSGFXL2JXcGpuMVV4VDhVUlRWZ1RoL1VDS1gvTHRzQUVuQ2hHRGpNN0NKTXZoR3lILzdLWkxFOUlmS2dmN01mQUhuQ2pYcmNGY2RxelFUb014TlcwL3dVS3pzMkZncHE=
alBmemJ6UmlOL1dvaFRsMHM3UzdjYm91M2djYVMrMG80Wi9qWWw2ZDhXYz0=,dWdZRGM3LzQ4OVlnRHNsN1NBTDhKek5TN3FOMDBjZTdnMGVMMXQzQWgzZz0=,alBmemJ6UmlOL1dvaFRsMHM3UzdjYm91M2djYVMrMG80Wi9qWWw2ZDhXYz0=,VzVyTmJrYXZheGRicnJobG1VcXhqMGsxNnhXMkJ6MkZjRlhtRnF5U1R6WT0=,L1dqOEIwNHI2cDNXYlo3OTRRSFFpeXZ2eDhaRDFDVmtXbjhUb0FKdElKRUJBVkNJZngrNklXZ2tzdXZBeVBVVXBrdW5XWkw3TzB2UFdZM0Y1QWxHMjJXKzg0M0NMUTkyNTVXb3ZyeWVIanJOZ1hOUHNHUEk3Vys2Y0wrdFV2M2U=,bndHN1d6U1cvYXdoSzJsWWJYYndMNWxvMmRvbm1kTW9lWkZXM0F5SXpVbz0=,cTVSNEJZcm1HQnBHTUJlNEdpRUxHN214dTU3NitDTzV5TU96Ymk2L3JkaDdDSFVROVB6OWxJZU5pdTlLQXhYRjdCeEtNaTI1d0ZROC9RN1NHTVlwcjh3clE5QnpjanpKUmdQeXI2UGtqd0ZGOW1UdlJPOWNjUGI5TEE0R0dqOWhhd2MvaDdkb3FVTUM4MTlyOGErZXVYZTRBSHk5a3BYaFNIeE5ibTRaUU9teFVRWmRwYXRZQlJ5UVZ2ZVJqNmZkQU1hMEVDVkJxMzNUTXdVeDh4TWFncnp6OTJOYkh3TXBNaWkwWlF3QkpZSWE4UEtPNHlGeHdDZDdjT3gzdjI3YjBoRnM5ZFhYeFc5aFIyaVZtUE1JRmRqTjhGYlVxcjNEcHVsU3JybnZzS01tUlZBckhWd1VRZURYOUhuWXg1VGl3N3dDQmFBSGxRMW41R0ljME5XMlNCOUhlSkl0VEJLbHAyQWJmMmlCOWRXWlVFdnhWWm9lTnM4bWlyeTkwcWt0SHJ4M2lPODFycUM0aXZvNzBXM2dtNHRCMHJoWVJyNFdYcDVYK1pXeHpUdFI0aElUWmxjdTRHdUlMbnJNcTRNajc1dDZmUGoxcWcxUDdaM1J1dnl3UHpwUXFFc1pUOTVaYU0rdjNJcVpkMXdScVRndno4WUsyV0RCakdnNXZ1c0czeHRIc0VhbTh4Y2FnRllISXZEaHJCN2N1OWRSRmpjR25iSlFTSjF2T3VPSnNGQ0hYNjNPRzZLUE9RZ2tMNmxGMEZTTm9qSW8xOUg3MXduczQzMm4wSXdqeWdhdklXZEFvSGFXL2JXcGpuMVV4VDhVUlRWZ1RoL1VDS1gvTHRzQUVuQ2hHRGpNN0NKTXZoR3lILzdLWkxFOUlmS2dmN01mQUhuQ2pYcmNGY2RxelFUb014TlcwL3dVS3pzMkZncHE=
V2VVMmNGanpSbVZMcDVVZFZLRnRscjg3Tk5VdFhiSlc2bjh6MTI2NkJKND0=,dWdZRGM3LzQ4OVlnRHNsN1NBTDhKek5TN3FOMDBjZTdnMGVMMXQzQWgzZz0=,V2VVMmNGanpSbVZMcDVVZFZLRnRscjg3Tk5VdFhiSlc2bjh6MTI2NkJKND0=,VzVyTmJrYXZheGRicnJobG1VcXhqMGsxNnhXMkJ6MkZjRlhtRnF5U1R6WT0=,L1dqOEIwNHI2cDNXYlo3OTRRSFFpeXZ2eDhaRDFDVmtXbjhUb0FKdElKRUJBVkNJZngrNklXZ2tzdXZBeVBVVXBrdW5XWkw3TzB2UFdZM0Y1QWxHMjBBMGhJcVdYOEVkbURmdzBPMHYwVWhpNHRVTjFLMExTMzZTREhsekd1RWg=,bndHN1d6U1cvYXdoSzJsWWJYYndMNWxvMmRvbm1kTW9lWkZXM0F5SXpVbz0=,cTVSNEJZcm1HQnBHTUJlNEdpRUxHN214dTU3NitDTzV5TU96Ymk2L3JkaDdDSFVROVB6OWxJZU5pdTlLQXhYRjdCeEtNaTI1d0ZROC9RN1NHTVlwcjh3clE5QnpjanpKUmdQeXI2UGtqd0ZGOW1UdlJPOWNjUGI5TEE0R0dqOWhhd2MvaDdkb3FVTUM4MTlyOGErZXVYZTRBSHk5a3BYaFNIeE5ibTRaUU9teFVRWmRwYXRZQlJ5UVZ2ZVJqNmZkQU1hMEVDVkJxMzNUTXdVeDh4TWFncnp6OTJOYkh3TXBNaWkwWlF3QkpZSWE4UEtPNHlGeHdDZDdjT3gzdjI3YjBoRnM5ZFhYeFc5aFIyaVZtUE1JRmRqTjhGYlVxcjNEcHVsU3JybnZzS01tUlZBckhWd1VRZURYOUhuWXg1VGl3N3dDQmFBSGxRMW41R0ljME5XMlNCOUhlSkl0VEJLbHAyQWJmMmlCOWRXWlVFdnhWWm9lTnM4bWlyeTkwcWt0SHJ4M2lPODFycUM0aXZvNzBXM2dtNHRCMHJoWVJyNFdYcDVYK1pXeHpUdFI0aElUWmxjdTRHdUlMbnJNcTRNajc1dDZmUGoxcWcxUDdaM1J1dnl3UHpwUXFFc1pUOTVaYU0rdjNJcVpkMXdScVRndno4WUsyV0RCakdnNXZ1c0czeHRIc0VhbTh4Y2FnRllISXZEaHJCN2N1OWRSRmpjR25iSlFTSjF2T3VPSnNGQ0hYNjNPRzZLUE9RZ2tMNmxGMEZTTm9qSW8xOUg3MXduczQzMm4wSXdqeWdhdklXZEFvSGFXL2JXcGpuMVV4VDhVUlRWZ1RoL1VDS1gvTHRzQUVuQ2hHRGpNN0NKTXZoR3lILzdLWkxFOUlmS2dmN01mQUhuQ2pYcmNGY2RxelFUb014TlcwL3dVS3pzMkZncHE=
V2VVMmNGanpSbVZMcDVVZFZLRnRscjg3Tk5VdFhiSlc2bjh6MTI2NkJKND0=,YWREWmwrWEVpVlpFNG12ejJoQ2JIZXlyYVU1dFZ5TmlhNE96OWJ5T2xmUT0=,V2VVMmNGanpSbVZMcDVVZFZLRnRscjg3Tk5VdFhiSlc2bjh6MTI2NkJKND0=,VzVyTmJrYXZheGRicnJobG1VcXhqMGsxNnhXMkJ6MkZjRlhtRnF5U1R6WT0=,TTJaQXd0eVVEQVp0MFJkUEFKeW1LSTNWem1TSE5kcHBvYWxoOE1NZFROR0MybGRoMFJGbGVKWndkdndCcVRxd1NuYXoyUHp2SGJrNDUvaGNVZFp1MFE9PQ==,bndHN1d6U1cvYXdoSzJsWWJYYndMNWxvMmRvbm1kTW9lWkZXM0F5SXpVbz0=,cTVSNEJZcm1HQnBHTUJlNEdpRUxHMGxGSUJLVFNVL1ZWYWZRZkV1aEtiUzNuWjN0Qk1vU1o1UFFPbGNqbXVhR1JWVTZLc05rV2J0UGNwV3lVSmN1aHY3UHFqaEFqcFJRd2ZsMWZGRDhNQ3NWZXVMTWh1NFRNcSttb1pVRlF3T2hEMHBrQ0VjWnhsb25RM0tjZkx0L0E4QUxxMmlRR3hVUElWL3pPS0Z3Y3oxbE44elZscUNlaHoveGx2ZnR1MFBJWWtDbS92aWh1am50d3BVSURaM2VuU3NQWFZrZkZyajhMN2RDTnR2eDhHZmtLcUJ4bXNTSmZ2Zi9ZVVhKL1dGWFZodEVId3pTdU9VVkFMV1VWazl6NjJ4QmRuOElXb0M2QWhoNFVETWptY1NUUllNczlsSFdmUEVMK1M5a0VaNlV1LzhLQjFTbWY4RW1hT1hIN0ZGa2JBUlBCWFp2c0VEa1M1VUtNVVVlRC9YWENTZUFLVkZZZCtMSldCdzFqSTY4OG1vQjg0OVhJSUJyNFBnYzR5Vk1pTjQ5eE9QMUg5ODVhOHRjb3BRSVJ0MGJZOVRGZ3p2Y0JnNVdCa255U3N3OXBLM1pjWERjdUJsaXhhWCtkNEpMREhOdVhTSmtSNmpBUjFiSEJlZTV2LzdNNFhHbnE3QUpnOXFISGEzay9yb0Y3R3F4YWJLamU4TFJTRmlwNVNra214clhvYlNhNTA0eVR2RWNSL1ZKRElOb09xWGJPQlp4eUZobHUzRlUveTJxeXY2bjVZNGNLK3dpTldyVWpDUU9EZz09
V2VVMmNGanpSbVZMcDVVZFZLRnRscjg3Tk5VdFhiSlc2bjh6MTI2NkJKND0=,UWRuMjdrVGxIMGtnVE9UMVJEY2orcSs4OE91VXNmMEQzOTU0VWRBREhuaz0=,V2VVMmNGanpSbVZMcDVVZFZLRnRscjg3Tk5VdFhiSlc2bjh6MTI2NkJKND0=,V0c3eTBnSkhweC82OGhtb2pPUExBclEwY0VnS1BkWlhkL3V6RlBpajFXTVJkblliUlVFbk50YU51NjJqYmNneXIxY2FzTWJsYlNTME12UWUrc0lhdUt6aURzYUJTeVNiaDhkWnJvaXp3Y0FOWE1qR1NhUXRXOWhBdEdCYlViL1hUM0pUaVR0a1R0R1M5bWhJanVTTVAyZXJRT2dvaWM3N2JLL3cxaVNkRDZvPQ==,bndHN1d6U1cvYXdoSzJsWWJYYndMNWxvMmRvbm1kTW9lWkZXM0F5SXpVbz0=,cTVSNEJZcm1HQnBHTUJlNEdpRUxHN3A0bHQrV2UxWVpVT1ZITEg3bUgzakhjRHhMSE95WlJHZ09jODJobjJLbVBySXFpYWs3M05VRjA0RUp5bVpLenRnN2RqYVNwZmNWN2FONnYyY0Z2b2V2eWQwaVhHcGJCNWtjY0Q0WkFqZEk2a1pkbDkwOVhXOEZOdWFvaENxVGNlcGdLSjU3czNWbGwvOUJzSys5ZHBCZmxvTmhDNndqR28zc2Fpd21qVThGSjNHQzZFUjY4YWdFdFJGd2RGeWhKZjhGc1Vlcm9TSTNtWkI5QTM3bFRZSjBrTS9yMzRITWpmUkVKQVUvbGtLSWJieDRaWDhRbW1IVFFRTmtVbUNLS0kyVmtMZUVPa2xqb1J1WUpZdTg4WVY2c0tVUGZ2ekFueDl5RnUrUElVUjhlUlVjdWFiSVlsdFZWUkdzWHJKTmNWb2Uyb2YxczQ2aldDY3N6bUZ3QS9uQXJEUGt6RVd4RFRWc29vL1FERVZaZTQ3L1N6TDBkVnZaZzdqN2doWUpjV3N1QWprQ2JxS1JFTmd0anJnV0hhcnRRQVIrVDMzdXQyaFRBUFZCcVJVcDBYenRpTFZsOGtjVG9heGkwN0JRZnZnV1ZFT01wZ1lUUlJMcmJQK0FYUTJrMTZTR0hyTjhQUmFOSzdNTXZVaWdEVHNNWnMvTlk0amNjOXowMGFKKzdpejhiWTYyRlZmaGhQUzJmQ3dXeFN5RUhtMHdRd3hxM2VCdzd4dTNlKzNxbVhvbStGWU1SMXd1WnBtZFN6TUZuOG5RS3I0TzJwYlZ0MXBCeEYzbEFtTT0=,LzErY1d2cVVaSS9zODJ2ZmNFd1ZhVHJrWm9KeUpCSFRrTWUrdlNaMzNrcz0=
a3JyUzBnbm50eHp1ajA0WEJuSUxSeXc5Si9oWnU2VTdlUFIwZWJvK25NMD0=,dWdZRGM3LzQ4OVlnRHNsN1NBTDhKek5TN3FOMDBjZTdnMGVMMXQzQWgzZz0=,a3JyUzBnbm50eHp1ajA0WEJuSUxSeXc5Si9oWnU2VTdlUFIwZWJvK25NMD0=,VzVyTmJrYXZheGRicnJobG1VcXhqMGsxNnhXMkJ6MkZjRlhtRnF5U1R6WT0=,L1dqOEIwNHI2cDNXYlo3OTRRSFFpeXZ2eDhaRDFDVmtXbjhUb0FKdElKRUJBVkNJZngrNklXZ2tzdXZBeVBVVXBrdW5XWkw3TzB2UFdZM0Y1QWxHMnd3RWRwUWpHUWJMTUhZQ21NSDZ6UWF2a2x1dEVyd25nSGt3cWQ5blBFdEk=,bndHN1d6U1cvYXdoSzJsWWJYYndMNWxvMmRvbm1kTW9lWkZXM0F5SXpVbz0=,cTVSNEJZcm1HQnBHTUJlNEdpRUxHN214dTU3NitDTzV5TU96Ymk2L3JkaDdDSFVROVB6OWxJZU5pdTlLQXhYRjdCeEtNaTI1d0ZROC9RN1NHTVlwcjh3clE5QnpjanpKUmdQeXI2UGtqd0ZGOW1UdlJPOWNjUGI5TEE0R0dqOWhhd2MvaDdkb3FVTUM4MTlyOGErZXVYZTRBSHk5a3BYaFNIeE5ibTRaUU9teFVRWmRwYXRZQlJ5UVZ2ZVJqNmZkQU1hMEVDVkJxMzNUTXdVeDh4TWFncnp6OTJOYkh3TXBNaWkwWlF3QkpZSWE4UEtPNHlGeHdDZDdjT3gzdjI3YjBoRnM5ZFhYeFc5aFIyaVZtUE1JRmRqTjhGYlVxcjNEcHVsU3JybnZzS01tUlZBckhWd1VRZURYOUhuWXg1VGl3N3dDQmFBSGxRMW41R0ljME5XMlNCOUhlSkl0VEJLbHAyQWJmMmlCOWRXWlVFdnhWWm9lTnM4bWlyeTkwcWt0SHJ4M2lPODFycUM0aXZvNzBXM2dtNHRCMHJoWVJyNFdYcDVYK1pXeHpUdFI0aElUWmxjdTRHdUlMbnJNcTRNajc1dDZmUGoxcWcxUDdaM1J1dnl3UHpwUXFFc1pUOTVaYU0rdjNJcVpkMXdScVRndno4WUsyV0RCakdnNXZ1c0czeHRIc0VhbTh4Y2FnRllISXZEaHJCN2N1OWRSRmpjR25iSlFTSjF2T3VPSnNGQ0hYNjNPRzZLUE9RZ2tMNmxGZTRoYUJxVTg5dVExZU1hbG91ZWdHOFJmb1ovdW1hcklSQkZPY21KRUN3ZUx4bHZTTkYxQWhZQmRhb0crR1lZMWpqZ21ldVgrTVNMbVU4REszZ1EvR2svclpVb2t4b0dRdVpYSW1Bd2NsTEk9
a3JyUzBnbm50eHp1ajA0WEJuSUxSeXc5Si9oWnU2VTdlUFIwZWJvK25NMD0=,YWREWmwrWEVpVlpFNG12ejJoQ2JIZXlyYVU1dFZ5TmlhNE96OWJ5T2xmUT0=,a3JyUzBnbm50eHp1ajA0WEJuSUxSeXc5Si9oWnU2VTdlUFIwZWJvK25NMD0=,cWVqYzRHc0FYZVpiWGJMajh5eUplNDhrTTRKNFgwYkRGeHpzY2R0aDZsaz0=,dWdZRGM3LzQ4OVlnRHNsN1NBTDhKek5TN3FOMDBjZTdnMGVMMXQzQWgzZz0=,bndHN1d6U1cvYXdoSzJsWWJYYndMNWxvMmRvbm1kTW9lWkZXM0F5SXpVbz0=,eUk5OHE1cHBSYnJ2L1ZCUGg2UzZXSjI4VjJHclk4UTF3VkVkcGVRdUxLbEJLK0IzR0t5anZySEhKKzVMVjR5Vg==
MzduMkNja0thbzM5K091ZEdhZFl6dDJ0Vzh1TGVkL29rblB2MVJ2aGwybz0=,dWdZRGM3LzQ4OVlnRHNsN1NBTDhKek5TN3FOMDBjZTdnMGVMMXQzQWgzZz0=,MzduMkNja0thbzM5K091ZEdhZFl6dDJ0Vzh1TGVkL29rblB2MVJ2aGwybz0=,VzVyTmJrYXZheGRicnJobG1VcXhqMGsxNnhXMkJ6MkZjRlhtRnF5U1R6WT0=,L1dqOEIwNHI2cDNXYlo3OTRRSFFpeXZ2eDhaRDFDVmtXbjhUb0FKdElKRUJBVkNJZngrNklXZ2tzdXZBeVBVVXBrdW5XWkw3TzB2UFdZM0Y1QWxHMjRqMEs2SEdCWCtxOEhqQzlYRVFaUG5TRHQ0Sy9nZ3JCY2lBUGg5TEtYT1U=,bndHN1d6U1cvYXdoSzJsWWJYYndMNWxvMmRvbm1kTW9lWkZXM0F5SXpVbz0=,cTVSNEJZcm1HQnBHTUJlNEdpRUxHN214dTU3NitDTzV5TU96Ymk2L3JkaDdDSFVROVB6OWxJZU5pdTlLQXhYRjdCeEtNaTI1d0ZROC9RN1NHTVlwcjh3clE5QnpjanpKUmdQeXI2UGtqd0ZGOW1UdlJPOWNjUGI5TEE0R0dqOWhhd2MvaDdkb3FVTUM4MTlyOGErZXVYZTRBSHk5a3BYaFNIeE5ibTRaUU9teFVRWmRwYXRZQlJ5UVZ2ZVJqNmZkQU1hMEVDVkJxMzNUTXdVeDh4TWFncnp6OTJOYkh3TXBNaWkwWlF3QkpZSWE4UEtPNHlGeHdDZDdjT3gzdjI3YjBoRnM5ZFhYeFc5aFIyaVZtUE1JRmRqTjhGYlVxcjNEcHVsU3JybnZzS01tUlZBckhWd1VRZURYOUhuWXg1VGl3N3dDQmFBSGxRMW41R0ljME5XMlNCOUhlSkl0VEJLbHAyQWJmMmlCOWRXWlVFdnhWWm9lTnM4bWlyeTkwcWt0SHJ4M2lPODFycUM0aXZvNzBXM2dtNHRCMHJoWVJyNFdYcDVYK1pXeHpUdFI0aElUWmxjdTRHdUlMbnJNcTRNajc1dDZmUGoxcWcxUDdaM1J1dnl3UHpwUXFFc1pUOTVaYU0rdjNJcVpkMXdScVRndno4WUsyV0RCakdnNXZ1c0czeHRIc0VhbTh4Y2FnRllISXZEaHJCN2N1OWRSRmpjR25iSlFTSjF2T3VPSnNGQ0hYNjNPRzZLUE9RZ2tMNmxGZTRoYUJxVTg5dVExZU1hbG91ZWdHOFJmb1ovdW1hcklSQkZPY21KRUN3ZUx4bHZTTkYxQWhZQmRhb0crR1lZMWpqZ21ldVgrTVNMbVU4REszZ1EvR2svclpVb2t4b0dRdVpYSW1Bd2NsTEk9
MzduMkNja0thbzM5K091ZEdhZFl6dDJ0Vzh1TGVkL29rblB2MVJ2aGwybz0=,YWREWmwrWEVpVlpFNG12ejJoQ2JIZXlyYVU1dFZ5TmlhNE96OWJ5T2xmUT0=,MzduMkNja0thbzM5K091ZEdhZFl6dDJ0Vzh1TGVkL29rblB2MVJ2aGwybz0=,cWVqYzRHc0FYZVpiWGJMajh5eUplNDhrTTRKNFgwYkRGeHpzY2R0aDZsaz0=,dWdZRGM3LzQ4OVlnRHNsN1NBTDhKek5TN3FOMDBjZTdnMGVMMXQzQWgzZz0=,bndHN1d6U1cvYXdoSzJsWWJYYndMNWxvMmRvbm1kTW9lWkZXM0F5SXpVbz0=,eUk5OHE1cHBSYnJ2L1ZCUGg2UzZXSjI4VjJHclk4UTF3VkVkcGVRdUxLbEJLK0IzR0t5anZySEhKKzVMVjR5Vg==
cnhac1Mwc0VwY3hwdzQ0UUZEL3V2U2xYS2QxWmpET2xLMjlBNnI0MUl3dz0=,dWdZRGM3LzQ4OVlnRHNsN1NBTDhKek5TN3FOMDBjZTdnMGVMMXQzQWgzZz0=,cnhac1Mwc0VwY3hwdzQ0UUZEL3V2U2xYS2QxWmpET2xLMjlBNnI0MUl3dz0=,VzVyTmJrYXZheGRicnJobG1VcXhqMGsxNnhXMkJ6MkZjRlhtRnF5U1R6WT0=,L1dqOEIwNHI2cDNXYlo3OTRRSFFpeXZ2eDhaRDFDVmtXbjhUb0FKdElKRUJBVkNJZngrNklXZ2tzdXZBeVBVVXBrdW5XWkw3TzB2UFdZM0Y1QWxHMjU1dmMxZ0d0cU5PNis1d3AvY2lFeW5SNDArbVdjbWZCQ1JaSHhHWmd0TTI=,bndHN1d6U1cvYXdoSzJsWWJYYndMNWxvMmRvbm1kTW9lWkZXM0F5SXpVbz0=,cTVSNEJZcm1HQnBHTUJlNEdpRUxHN214dTU3NitDTzV5TU96Ymk2L3JkaDdDSFVROVB6OWxJZU5pdTlLQXhYRjdCeEtNaTI1d0ZROC9RN1NHTVlwcjh3clE5QnpjanpKUmdQeXI2UGtqd0ZGOW1UdlJPOWNjUGI5TEE0R0dqOWhhd2MvaDdkb3FVTUM4MTlyOGErZXVYZTRBSHk5a3BYaFNIeE5ibTRaUU9teFVRWmRwYXRZQlJ5UVZ2ZVJqNmZkQU1hMEVDVkJxMzNUTXdVeDh4TWFncnp6OTJOYkh3TXBNaWkwWlF3QkpZSWE4UEtPNHlGeHdDZDdjT3gzdjI3YjBoRnM5ZFhYeFc5aFIyaVZtUE1JRmRqTjhGYlVxcjNEcHVsU3JybnZzS01tUlZBckhWd1VRZURYOUhuWXg1VGl3N3dDQmFBSGxRMW41R0ljME5XMlNCOUhlSkl0VEJLbHAyQWJmMmlCOWRXWlVFdnhWWm9lTnM4bWlyeTkwcWt0SHJ4M2lPODFycUM0aXZvNzBXM2dtNHRCMHJoWVJyNFdYcDVYK1pXeHpUdFI0aElUWmxjdTRHdUlMbnJNcTRNajc1dDZmUGoxcWcxUDdaM1J1dnl3UHpwUXFFc1pUOTVaYU0rdjNJcVpkMXdScVRndno4WUsyV0RCakdnNXZ1c0czeHRIc0VhbTh4Y2FnRllISXZEaHJCN2N1OWRSRmpjR25iSlFTSjF2T3VPSnNGQ0hYNjNPRzZLUE9RZ2tMNmxGZTRoYUJxVTg5dVExZU1hbG91ZWdHOFJmb1ovdW1hcklSQkZPY21KRUN3ZUx4bHZTTkYxQWhZQmRhb0crR1lZMWpqZ21ldVgrTVNMbVU4REszZ1EvR2svclpVb2t4b0dRdVpYSW1Bd2NsTEk9
cnhac1Mwc0VwY3hwdzQ0UUZEL3V2U2xYS2QxWmpET2xLMjlBNnI0MUl3dz0=,YWREWmwrWEVpVlpFNG12ejJoQ2JIZXlyYVU1dFZ5TmlhNE96OWJ5T2xmUT0=,cnhac1Mwc0VwY3hwdzQ0UUZEL3V2U2xYS2QxWmpET2xLMjlBNnI0MUl3dz0=,cWVqYzRHc0FYZVpiWGJMajh5eUplNDhrTTRKNFgwYkRGeHpzY2R0aDZsaz0=,dWdZRGM3LzQ4OVlnRHNsN1NBTDhKek5TN3FOMDBjZTdnMGVMMXQzQWgzZz0=,bndHN1d6U1cvYXdoSzJsWWJYYndMNWxvMmRvbm1kTW9lWkZXM0F5SXpVbz0=,eUk5OHE1cHBSYnJ2L1ZCUGg2UzZXSjI4VjJHclk4UTF3VkVkcGVRdUxLbEJLK0IzR0t5anZySEhKKzVMVjR5Vg==
d3BMNkxabTBWQWVvUmhqVXhwMllHUDFGcTR0cHdndGNlZ0xzWTZQU0tSWT0=,dWdZRGM3LzQ4OVlnRHNsN1NBTDhKek5TN3FOMDBjZTdnMGVMMXQzQWgzZz0=,d3BMNkxabTBWQWVvUmhqVXhwMllHUDFGcTR0cHdndGNlZ0xzWTZQU0tSWT0=,VzVyTmJrYXZheGRicnJobG1VcXhqMGsxNnhXMkJ6MkZjRlhtRnF5U1R6WT0=,L1dqOEIwNHI2cDNXYlo3OTRRSFFpeXZ2eDhaRDFDVmtXbjhUb0FKdElKRUJBVkNJZngrNklXZ2tzdXZBeVBVVXBrdW5XWkw3TzB2UFdZM0Y1QWxHMnpRbFFBYVV2ODF0ZFdxQk5KTXJUMkRyMFN2VDkxM1NTOTFWaU1IWU9ocXA=,bndHN1d6U1cvYXdoSzJsWWJYYndMNWxvMmRvbm1kTW9lWkZXM0F5SXpVbz0=,cTVSNEJZcm1HQnBHTUJlNEdpRUxHN214dTU3NitDTzV5TU96Ymk2L3JkaDdDSFVROVB6OWxJZU5pdTlLQXhYRjdCeEtNaTI1d0ZROC9RN1NHTVlwcjh3clE5QnpjanpKUmdQeXI2UGtqd0ZGOW1UdlJPOWNjUGI5TEE0R0dqOWhhd2MvaDdkb3FVTUM4MTlyOGErZXVYZTRBSHk5a3BYaFNIeE5ibTRaUU9teFVRWmRwYXRZQlJ5UVZ2ZVJqNmZkQU1hMEVDVkJxMzNUTXdVeDh4TWFncnp6OTJOYkh3TXBNaWkwWlF3QkpZSWE4UEtPNHlGeHdDZDdjT3gzdjI3YjBoRnM5ZFhYeFc5aFIyaVZtUE1JRmRqTjhGYlVxcjNEcHVsU3JybnZzS01tUlZBckhWd1VRZURYOUhuWXg1VGl3N3dDQmFBSGxRMW41R0ljME5XMlNCOUhlSkl0VEJLbHAyQWJmMmlCOWRXWlVFdnhWWm9lTnM4bWlyeTkwcWt0SHJ4M2lPODFycUM0aXZvNzBXM2dtNHRCMHJoWVJyNFdYcDVYK1pXeHpUdFI0aElUWmxjdTRHdUlMbnJNcTRNajc1dDZmUGoxcWcxUDdaM1J1dnl3UHpwUXFFc1pUOTVaYU0rdjNJcVpkMXdScVRndno4WUsyV0RCakdnNXZ1c0czeHRIc0VhbTh4Y2FnRllISXZEaHJCN2N1OWRSRmpjR25iSlFTSjF2T3VPSnNGQ0hYNjNPRzZLUE9RZ2tMNmxGZTRoYUJxVTg5dVExZU1hbG91ZWdHOFJmb1ovdW1hcklSQkZPY21KRUN3ZUx4bHZTTkYxQWhZQmRhb0crR1lZMWpqZ21ldVgrTVNMbVU4REszZ1EvR2svclpVb2t4b0dRdVpYSW1Bd2NsTEk9
d3BMNkxabTBWQWVvUmhqVXhwMllHUDFGcTR0cHdndGNlZ0xzWTZQU0tSWT0=,YWREWmwrWEVpVlpFNG12ejJoQ2JIZXlyYVU1dFZ5TmlhNE96OWJ5T2xmUT0=,d3BMNkxabTBWQWVvUmhqVXhwMllHUDFGcTR0cHdndGNlZ0xzWTZQU0tSWT0=,cWVqYzRHc0FYZVpiWGJMajh5eUplNDhrTTRKNFgwYkRGeHpzY2R0aDZsaz0=,dWdZRGM3LzQ4OVlnRHNsN1NBTDhKek5TN3FOMDBjZTdnMGVMMXQzQWgzZz0=,bndHN1d6U1cvYXdoSzJsWWJYYndMNWxvMmRvbm1kTW9lWkZXM0F5SXpVbz0=,eUk5OHE1cHBSYnJ2L1ZCUGg2UzZXSjI4VjJHclk4UTF3VkVkcGVRdUxLbEJLK0IzR0t5anZySEhKKzVMVjR5Vg==
Y2tnb1VVaU4xeTVUY2RnZ0ZtbWllSk5TUHBZT21EeFdDU3NwODlYR1BBbz0=,YWREWmwrWEVpVlpFNG12ejJoQ2JIZXlyYVU1dFZ5TmlhNE96OWJ5T2xmUT0=,Y2tnb1VVaU4xeTVUY2RnZ0ZtbWllSk5TUHBZT21EeFdDU3NwODlYR1BBbz0=,VzVyTmJrYXZheGRicnJobG1VcXhqMGsxNnhXMkJ6MkZjRlhtRnF5U1R6WT0=,TTJaQXd0eVVEQVp0MFJkUEFKeW1LSTNWem1TSE5kcHBvYWxoOE1NZFROR0MybGRoMFJGbGVKWndkdndCcVRxd1NuYXoyUHp2SGJrNDUvaGNVZFp1MFE9PQ==,bndHN1d6U1cvYXdoSzJsWWJYYndMNWxvMmRvbm1kTW9lWkZXM0F5SXpVbz0=,cTVSNEJZcm1HQnBHTUJlNEdpRUxHMGxGSUJLVFNVL1ZWYWZRZkV1aEtiUzNuWjN0Qk1vU1o1UFFPbGNqbXVhR1JWVTZLc05rV2J0UGNwV3lVSmN1aHY3UHFqaEFqcFJRd2ZsMWZGRDhNQ3NWZXVMTWh1NFRNcSttb1pVRlF3T2hEMHBrQ0VjWnhsb25RM0tjZkx0L0E4QUxxMmlRR3hVUElWL3pPS0Z3Y3oxbE44elZscUNlaHoveGx2ZnR1MFBJWWtDbS92aWh1am50d3BVSURaM2VuU3NQWFZrZkZyajhMN2RDTnR2eDhHZmtLcUJ4bXNTSmZ2Zi9ZVVhKL1dGWFZodEVId3pTdU9VVkFMV1VWazl6NjJ4QmRuOElXb0M2QWhoNFVETWptY1NUUllNczlsSFdmUEVMK1M5a0VaNlV1LzhLQjFTbWY4RW1hT1hIN0ZGa2JBUlBCWFp2c0VEa1M1VUtNVVVlRC9YWENTZUFLVkZZZCtMSldCdzFqSTY4OG1vQjg0OVhJSUJyNFBnYzR5Vk1pTjQ5eE9QMUg5ODVhOHRjb3BRSVJ0ME9oMytWR3JUZ3VzV1Y2ZUVOU21oQ0VvdE9YUElsdEFqaXdVSVhKZXpxb3pLUlNqM3dobDF3enF2V1VIdEdZaUZDZHg3THl2N0pxc1JXQ1RnL0t1Z2lKUEFEa1d3SjZoVUlUdEsxVXVINlJiNExRUGRWWllrS2QrR3hXeEltNzBCUE12UGxBb2lYZm9FTXJiSnFzc0c4SDEzaWZYQURGNmhPWC85SDhjbzd5TWRnUHFvcFNkVEhlV2hZWnk3WHg5Zz0=
Z1FlRjF5cFplY0tOd0JrODNXbXpadm1SWG9aZ2lzQXkvd2Y3Q3g5UFVwVT0=,L1dSNWhHY08yUWo1dFpKNXVJMTE1MmorR3NEckVOZWM1Q1ZBVjN0M1haQT0=,Z1FlRjF5cFplY0tOd0JrODNXbXpadm1SWG9aZ2lzQXkvd2Y3Q3g5UFVwVT0=,cWVqYzRHc0FYZVpiWGJMajh5eUplNDhrTTRKNFgwYkRGeHpzY2R0aDZsaz0=,M2I2SDdLU3BqbjlySzE4TzhkZU9NNmNSVkM4R1ZjOUxjdFRzemdQemVqYjZQQXZuS05yQVlhUUpsUmkyeU16bWIrMk0yZ0JpM0YwWHc1YXhrVEErY3BjQmZ1ZkRxTGRjMy9zTVJCbHFMRU09,UktJSTM0U0k3OGFoMkoveHVNalRQRnY0ajVGY2JIZUtrUzFSN0szVnJQOD0=,LzErY1d2cVVaSS9zODJ2ZmNFd1ZhVHJrWm9KeUpCSFRrTWUrdlNaMzNrcz0=
SnJESkVOYnE1T2xpU0VQYXllN1dqam1FczJsQ3YyLzFmaFV2VHRtZTNzOD0=,L1dSNWhHY08yUWo1dFpKNXVJMTE1MmorR3NEckVOZWM1Q1ZBVjN0M1haQT0=,SnJESkVOYnE1T2xpU0VQYXllN1dqam1FczJsQ3YyLzFmaFV2VHRtZTNzOD0=,cWVqYzRHc0FYZVpiWGJMajh5eUplNDhrTTRKNFgwYkRGeHpzY2R0aDZsaz0=,M2I2SDdLU3BqbjlySzE4TzhkZU9NNmNSVkM4R1ZjOUxjdFRzemdQemVqYjZQQXZuS05yQVlhUUpsUmkyeU16bWIrMk0yZ0JpM0YwWHc1YXhrVEErY3BjQmZ1ZkRxTGRjMy9zTVJCbHFMRU09,UktJSTM0U0k3OGFoMkoveHVNalRQRnY0ajVGY2JIZUtrUzFSN0szVnJQOD0=,LzErY1d2cVVaSS9zODJ2ZmNFd1ZhVHJrWm9KeUpCSFRrTWUrdlNaMzNrcz0=
VkFVUUpQNk1QSENFbVAreEtEc3hsQmQxNFVZUjlMRlZERGV1a2NjZzd6VT0=,YWREWmwrWEVpVlpFNG12ejJoQ2JIZXlyYVU1dFZ5TmlhNE96OWJ5T2xmUT0=,VkFVUUpQNk1QSENFbVAreEtEc3hsQmQxNFVZUjlMRlZERGV1a2NjZzd6VT0=,cWVqYzRHc0FYZVpiWGJMajh5eUplNDhrTTRKNFgwYkRGeHpzY2R0aDZsaz0=,dWdZRGM3LzQ4OVlnRHNsN1NBTDhKek5TN3FOMDBjZTdnMGVMMXQzQWgzZz0=,bndHN1d6U1cvYXdoSzJsWWJYYndMNWxvMmRvbm1kTW9lWkZXM0F5SXpVbz0=,eUk5OHE1cHBSYnJ2L1ZCUGg2UzZXSjI4VjJHclk4UTF3VkVkcGVRdUxLbEJLK0IzR0t5anZySEhKKzVMVjR5Vg==
RTlPNXBLVUkxbjdRdVpsS2JVNlNLeUdGakhOaElraVBrVGlCUVFkNlk1WT0=,YWREWmwrWEVpVlpFNG12ejJoQ2JIZXlyYVU1dFZ5TmlhNE96OWJ5T2xmUT0=,RTlPNXBLVUkxbjdRdVpsS2JVNlNLeUdGakhOaElraVBrVGlCUVFkNlk1WT0=,cWVqYzRHc0FYZVpiWGJMajh5eUplNDhrTTRKNFgwYkRGeHpzY2R0aDZsaz0=,dWdZRGM3LzQ4OVlnRHNsN1NBTDhKek5TN3FOMDBjZTdnMGVMMXQzQWgzZz0=,bndHN1d6U1cvYXdoSzJsWWJYYndMNWxvMmRvbm1kTW9lWkZXM0F5SXpVbz0=,eUk5OHE1cHBSYnJ2L1ZCUGg2UzZXSjI4VjJHclk4UTF3VkVkcGVRdUxLbEJLK0IzR0t5anZySEhKKzVMVjR5Vg==
UzlTM3NUMlJYQ1pHcER1bFhwSW9vRlZZR0kyMy9HWXBiYkhRT0FVRC9tWT0=,YWREWmwrWEVpVlpFNG12ejJoQ2JIZXlyYVU1dFZ5TmlhNE96OWJ5T2xmUT0=,UzlTM3NUMlJYQ1pHcER1bFhwSW9vRlZZR0kyMy9HWXBiYkhRT0FVRC9tWT0=,cWVqYzRHc0FYZVpiWGJMajh5eUplNDhrTTRKNFgwYkRGeHpzY2R0aDZsaz0=,dWdZRGM3LzQ4OVlnRHNsN1NBTDhKek5TN3FOMDBjZTdnMGVMMXQzQWgzZz0=,bndHN1d6U1cvYXdoSzJsWWJYYndMNWxvMmRvbm1kTW9lWkZXM0F5SXpVbz0=,eUk5OHE1cHBSYnJ2L1ZCUGg2UzZXSjI4VjJHclk4UTF3VkVkcGVRdUxLbEJLK0IzR0t5anZySEhKKzVMVjR5Vg==
MmpWeDFjS0ZQNVhlU3VaZ3daM3hyL2phN3Y3VG5IT1h4SzFpelFqdkRFaz0=,YWREWmwrWEVpVlpFNG12ejJoQ2JIZXlyYVU1dFZ5TmlhNE96OWJ5T2xmUT0=,MmpWeDFjS0ZQNVhlU3VaZ3daM3hyL2phN3Y3VG5IT1h4SzFpelFqdkRFaz0=,cWVqYzRHc0FYZVpiWGJMajh5eUplNDhrTTRKNFgwYkRGeHpzY2R0aDZsaz0=,dWdZRGM3LzQ4OVlnRHNsN1NBTDhKek5TN3FOMDBjZTdnMGVMMXQzQWgzZz0=,bndHN1d6U1cvYXdoSzJsWWJYYndMNWxvMmRvbm1kTW9lWkZXM0F5SXpVbz0=,eUk5OHE1cHBSYnJ2L1ZCUGg2UzZXSjI4VjJHclk4UTF3VkVkcGVRdUxLbEJLK0IzR0t5anZySEhKKzVMVjR5Vg==
bnMwb0cxTXBScVJXVXBjY0tQWDBvc2xhelRWb0lYaWhuYzZGQjFLc0Z2QT0=,YWREWmwrWEVpVlpFNG12ejJoQ2JIZXlyYVU1dFZ5TmlhNE96OWJ5T2xmUT0=,bnMwb0cxTXBScVJXVXBjY0tQWDBvc2xhelRWb0lYaWhuYzZGQjFLc0Z2QT0=,cWVqYzRHc0FYZVpiWGJMajh5eUplNDhrTTRKNFgwYkRGeHpzY2R0aDZsaz0=,dWdZRGM3LzQ4OVlnRHNsN1NBTDhKek5TN3FOMDBjZTdnMGVMMXQzQWgzZz0=,bndHN1d6U1cvYXdoSzJsWWJYYndMNWxvMmRvbm1kTW9lWkZXM0F5SXpVbz0=,eUk5OHE1cHBSYnJ2L1ZCUGg2UzZXSjI4VjJHclk4UTF3VkVkcGVRdUxLbEJLK0IzR0t5anZySEhKKzVMVjR5Vg==
eHhubUMvNyt0Mm5SVU9Ldjl3K1ZZSzlXVzBSTHFBbnpEcEw0VFdVUm5Rcz0=,L1dSNWhHY08yUWo1dFpKNXVJMTE1MmorR3NEckVOZWM1Q1ZBVjN0M1haQT0=,eHhubUMvNyt0Mm5SVU9Ldjl3K1ZZSzlXVzBSTHFBbnpEcEw0VFdVUm5Rcz0=,cWVqYzRHc0FYZVpiWGJMajh5eUplNDhrTTRKNFgwYkRGeHpzY2R0aDZsaz0=,M2I2SDdLU3BqbjlySzE4TzhkZU9NNmNSVkM4R1ZjOUxjdFRzemdQemVqYjZQQXZuS05yQVlhUUpsUmkyeU16bWIrMk0yZ0JpM0YwWHc1YXhrVEErY3BjQmZ1ZkRxTGRjMy9zTVJCbHFMRU09,UktJSTM0U0k3OGFoMkoveHVNalRQRnY0ajVGY2JIZUtrUzFSN0szVnJQOD0=,LzErY1d2cVVaSS9zODJ2ZmNFd1ZhVHJrWm9KeUpCSFRrTWUrdlNaMzNrcz0=
Y0xtWC8wcnVRMGNjTS8wSWc0MnpHUUEwWWpEcFJwTFlUVDlRaXVkTW5EQT0=,L1dSNWhHY08yUWo1dFpKNXVJMTE1MmorR3NEckVOZWM1Q1ZBVjN0M1haQT0=,Y0xtWC8wcnVRMGNjTS8wSWc0MnpHUUEwWWpEcFJwTFlUVDlRaXVkTW5EQT0=,cWVqYzRHc0FYZVpiWGJMajh5eUplNDhrTTRKNFgwYkRGeHpzY2R0aDZsaz0=,M2I2SDdLU3BqbjlySzE4TzhkZU9NNmNSVkM4R1ZjOUxjdFRzemdQemVqYjZQQXZuS05yQVlhUUpsUmkyeU16bWIrMk0yZ0JpM0YwWHc1YXhrVEErY3BjQmZ1ZkRxTGRjMy9zTVJCbHFMRU09,UktJSTM0U0k3OGFoMkoveHVNalRQRnY0ajVGY2JIZUtrUzFSN0szVnJQOD0=,LzErY1d2cVVaSS9zODJ2ZmNFd1ZhVHJrWm9KeUpCSFRrTWUrdlNaMzNrcz0=
SUtVT0owRHVtRVE1VU4wSzVGaklHL201S2xjd2hHcFBKUmZwQS9DMDNNTT0=,YWREWmwrWEVpVlpFNG12ejJoQ2JIZXlyYVU1dFZ5TmlhNE96OWJ5T2xmUT0=,SUtVT0owRHVtRVE1VU4wSzVGaklHL201S2xjd2hHcFBKUmZwQS9DMDNNTT0=,VzVyTmJrYXZheGRicnJobG1VcXhqMGsxNnhXMkJ6MkZjRlhtRnF5U1R6WT0=,TTJaQXd0eVVEQVp0MFJkUEFKeW1LSTNWem1TSE5kcHBvYWxoOE1NZFROR0MybGRoMFJGbGVKWndkdndCcVRxd1NuYXoyUHp2SGJrNDUvaGNVZFp1MFE9PQ==,bndHN1d6U1cvYXdoSzJsWWJYYndMNWxvMmRvbm1kTW9lWkZXM0F5SXpVbz0=,cTVSNEJZcm1HQnBHTUJlNEdpRUxHMGxGSUJLVFNVL1ZWYWZRZkV1aEtiUzNuWjN0Qk1vU1o1UFFPbGNqbXVhR1JWVTZLc05rV2J0UGNwV3lVSmN1aHY3UHFqaEFqcFJRd2ZsMWZGRDhNQ3NWZXVMTWh1NFRNcSttb1pVRlF3T2hEMHBrQ0VjWnhsb25RM0tjZkx0L0E4QUxxMmlRR3hVUElWL3pPS0Z3Y3oxbE44elZscUNlaHoveGx2ZnR1MFBJWWtDbS92aWh1am50d3BVSURaM2VuU3NQWFZrZkZyajhMN2RDTnR2eDhHZmtLcUJ4bXNTSmZ2Zi9ZVVhKL1dGWFZodEVId3pTdU9VVkFMV1VWazl6NjJ4QmRuOElXb0M2QWhoNFVETWptY1NUUllNczlsSFdmUEVMK1M5a0VaNlV1LzhLQjFTbWY4RW1hT1hIN0ZGa2JBUlBCWFp2c0VEa1M1VUtNVVVlRC9YWENTZUFLVkZZZCtMSldCdzFqSTY4OG1vQjg0OVhJSUJyNFBnYzR5Vk1pTjQ5eE9QMUg5ODVhOHRjb3BRSVJ0MEtiTk5qSkhKWU5QL3I4RHdUdGJvODVpUTYzaW1OMGxENlEyN3p4TDVGKzhaNXhQaGhBMEkrY0Juc243S0dzRUlWTUFFcUZwVjFZblpBTXdMRzNvYXlHVFcxY01LdXVlaWI2Z3FvTm9DVzdXUDBBdXBoUENhK1BnbGRnTGhyZElVd291VDV1ZDlCZjdtdVkvektaczdqa2hXcDhGaGNMYlpyYU0wOGJhSjJDaHdoSit1ajhPQktiQVRncmNUQ3pzTT0=
QVNqRnNNclZRa3M3L1Z5VGhnbHYreGtzQlFqTHd4Qk5wWHFGY0NMSWtQQT0=,SndhMHdsdWpxaU4wT3c3N2Q3WDQ4QmV4bFlOQU1WRU9TVHE5Z2NiaVpsQT0=,QVNqRnNNclZRa3M3L1Z5VGhnbHYreGtzQlFqTHd4Qk5wWHFGY0NMSWtQQT0=,cWVqYzRHc0FYZVpiWGJMajh5eUplNDhrTTRKNFgwYkRGeHpzY2R0aDZsaz0=,M2I2SDdLU3BqbjlySzE4TzhkZU9NNmNSVkM4R1ZjOUxjdFRzemdQemVqYjZQQXZuS05yQVlhUUpsUmkyeU16bWIrMk0yZ0JpM0YwWHc1YXhrVEErY3BjQmZ1ZkRxTGRjMy9zTVJCbHFMRU09,UktJSTM0U0k3OGFoMkoveHVNalRQRnY0ajVGY2JIZUtrUzFSN0szVnJQOD0=,LzErY1d2cVVaSS9zODJ2ZmNFd1ZhVHJrWm9KeUpCSFRrTWUrdlNaMzNrcz0=
MmR2TEFoLzM5S2Nha2lqRWgvN1pIVXZxYXZPSGJnZXNaRDN5S3N3QTJxRT0=,L1dSNWhHY08yUWo1dFpKNXVJMTE1MmorR3NEckVOZWM1Q1ZBVjN0M1haQT0=,MmR2TEFoLzM5S2Nha2lqRWgvN1pIVXZxYXZPSGJnZXNaRDN5S3N3QTJxRT0=,cWVqYzRHc0FYZVpiWGJMajh5eUplNDhrTTRKNFgwYkRGeHpzY2R0aDZsaz0=,M2I2SDdLU3BqbjlySzE4TzhkZU9NNmNSVkM4R1ZjOUxjdFRzemdQemVqYjZQQXZuS05yQVlhUUpsUmkyeU16bWIrMk0yZ0JpM0YwWHc1YXhrVEErY3BjQmZ1ZkRxTGRjMy9zTVJCbHFMRU09,UktJSTM0U0k3OGFoMkoveHVNalRQRnY0ajVGY2JIZUtrUzFSN0szVnJQOD0=,LzErY1d2cVVaSS9zODJ2ZmNFd1ZhVHJrWm9KeUpCSFRrTWUrdlNaMzNrcz0=
RHRScXJlZ0ZObDlOSGdJd0I5U2ZLWlBRd25TaC9uUXhtNmM4aW9KYWJaZz0=,L1dSNWhHY08yUWo1dFpKNXVJMTE1MmorR3NEckVOZWM1Q1ZBVjN0M1haQT0=,RHRScXJlZ0ZObDlOSGdJd0I5U2ZLWlBRd25TaC9uUXhtNmM4aW9KYWJaZz0=,cWVqYzRHc0FYZVpiWGJMajh5eUplNDhrTTRKNFgwYkRGeHpzY2R0aDZsaz0=,M2I2SDdLU3BqbjlySzE4TzhkZU9NNmNSVkM4R1ZjOUxjdFRzemdQemVqYjZQQXZuS05yQVlhUUpsUmkyeU16bWIrMk0yZ0JpM0YwWHc1YXhrVEErY3BjQmZ1ZkRxTGRjMy9zTVJCbHFMRU09,UktJSTM0U0k3OGFoMkoveHVNalRQRnY0ajVGY2JIZUtrUzFSN0szVnJQOD0=,LzErY1d2cVVaSS9zODJ2ZmNFd1ZhVHJrWm9KeUpCSFRrTWUrdlNaMzNrcz0=
MTdCYlZuUkZXbUtsZ1hBQlZVUkJzck1CZVFlem5qdG9NNXkzenZ5RUNBVT0=,L1dSNWhHY08yUWo1dFpKNXVJMTE1MmorR3NEckVOZWM1Q1ZBVjN0M1haQT0=,MTdCYlZuUkZXbUtsZ1hBQlZVUkJzck1CZVFlem5qdG9NNXkzenZ5RUNBVT0=,cWVqYzRHc0FYZVpiWGJMajh5eUplNDhrTTRKNFgwYkRGeHpzY2R0aDZsaz0=,M2I2SDdLU3BqbjlySzE4TzhkZU9NNmNSVkM4R1ZjOUxjdFRzemdQemVqYjZQQXZuS05yQVlhUUpsUmkyeU16bWIrMk0yZ0JpM0YwWHc1YXhrVEErY3BjQmZ1ZkRxTGRjMy9zTVJCbHFMRU09,UktJSTM0U0k3OGFoMkoveHVNalRQRnY0ajVGY2JIZUtrUzFSN0szVnJQOD0=,LzErY1d2cVVaSS9zODJ2ZmNFd1ZhVHJrWm9KeUpCSFRrTWUrdlNaMzNrcz0=
cnUvYVlzTlJrLy9CbVptWUhnY0JpdmhwLytrNllJK0ZQQ3lEeWRLdlk5RT0=,SndhMHdsdWpxaU4wT3c3N2Q3WDQ4QmV4bFlOQU1WRU9TVHE5Z2NiaVpsQT0=,cnUvYVlzTlJrLy9CbVptWUhnY0JpdmhwLytrNllJK0ZQQ3lEeWRLdlk5RT0=,cWVqYzRHc0FYZVpiWGJMajh5eUplNDhrTTRKNFgwYkRGeHpzY2R0aDZsaz0=,M2I2SDdLU3BqbjlySzE4TzhkZU9NNmNSVkM4R1ZjOUxjdFRzemdQemVqYjZQQXZuS05yQVlhUUpsUmkyeU16bWIrMk0yZ0JpM0YwWHc1YXhrVEErY3BjQmZ1ZkRxTGRjMy9zTVJCbHFMRU09,UktJSTM0U0k3OGFoMkoveHVNalRQRnY0ajVGY2JIZUtrUzFSN0szVnJQOD0=,LzErY1d2cVVaSS9zODJ2ZmNFd1ZhVHJrWm9KeUpCSFRrTWUrdlNaMzNrcz0=
NDlPR29CSUNxeFduekdLRkJFSUprczUyQjNha1pibldabEI1V1oyWFkvaz0=,SndhMHdsdWpxaU4wT3c3N2Q3WDQ4QmV4bFlOQU1WRU9TVHE5Z2NiaVpsQT0=,NDlPR29CSUNxeFduekdLRkJFSUprczUyQjNha1pibldabEI1V1oyWFkvaz0=,cWVqYzRHc0FYZVpiWGJMajh5eUplNDhrTTRKNFgwYkRGeHpzY2R0aDZsaz0=,M2I2SDdLU3BqbjlySzE4TzhkZU9NNmNSVkM4R1ZjOUxjdFRzemdQemVqYjZQQXZuS05yQVlhUUpsUmkyeU16bWIrMk0yZ0JpM0YwWHc1YXhrVEErY3BjQmZ1ZkRxTGRjMy9zTVJCbHFMRU09,UktJSTM0U0k3OGFoMkoveHVNalRQRnY0ajVGY2JIZUtrUzFSN0szVnJQOD0=,LzErY1d2cVVaSS9zODJ2ZmNFd1ZhVHJrWm9KeUpCSFRrTWUrdlNaMzNrcz0=
Qm5ObStiZ3BIVVdnQWg4MUFwWWdNenZ6WnkzbThHNmVjbmtyTmtZak5BMD0=,SndhMHdsdWpxaU4wT3c3N2Q3WDQ4QmV4bFlOQU1WRU9TVHE5Z2NiaVpsQT0=,Qm5ObStiZ3BIVVdnQWg4MUFwWWdNenZ6WnkzbThHNmVjbmtyTmtZak5BMD0=,cWVqYzRHc0FYZVpiWGJMajh5eUplNDhrTTRKNFgwYkRGeHpzY2R0aDZsaz0=,M2I2SDdLU3BqbjlySzE4TzhkZU9NNmNSVkM4R1ZjOUxjdFRzemdQemVqYjZQQXZuS05yQVlhUUpsUmkyeU16bWIrMk0yZ0JpM0YwWHc1YXhrVEErY3BjQmZ1ZkRxTGRjMy9zTVJCbHFMRU09,UktJSTM0U0k3OGFoMkoveHVNalRQRnY0ajVGY2JIZUtrUzFSN0szVnJQOD0=,LzErY1d2cVVaSS9zODJ2ZmNFd1ZhVHJrWm9KeUpCSFRrTWUrdlNaMzNrcz0=
cEdQdkpRVE1MaFBLSFg3akd2TEFuQWJUWGdwSCt3Rlhjd2RLblN3c1VhRT0=,YWREWmwrWEVpVlpFNG12ejJoQ2JIZXlyYVU1dFZ5TmlhNE96OWJ5T2xmUT0=,cEdQdkpRVE1MaFBLSFg3akd2TEFuQWJUWGdwSCt3Rlhjd2RLblN3c1VhRT0=,cWVqYzRHc0FYZVpiWGJMajh5eUplNDhrTTRKNFgwYkRGeHpzY2R0aDZsaz0=,dWdZRGM3LzQ4OVlnRHNsN1NBTDhKek5TN3FOMDBjZTdnMGVMMXQzQWgzZz0=,bndHN1d6U1cvYXdoSzJsWWJYYndMNWxvMmRvbm1kTW9lWkZXM0F5SXpVbz0=,eUk5OHE1cHBSYnJ2L1ZCUGg2UzZXSjI4VjJHclk4UTF3VkVkcGVRdUxLbEJLK0IzR0t5anZySEhKKzVMVjR5Vg==
UTlvUG9ER2tST0IxK2I0SW1ZNU55Z0VhekVYaXVqL1VqT01jblFmaFJoRT0=,L1dSNWhHY08yUWo1dFpKNXVJMTE1MmorR3NEckVOZWM1Q1ZBVjN0M1haQT0=,UTlvUG9ER2tST0IxK2I0SW1ZNU55Z0VhekVYaXVqL1VqT01jblFmaFJoRT0=,cWVqYzRHc0FYZVpiWGJMajh5eUplNDhrTTRKNFgwYkRGeHpzY2R0aDZsaz0=,M2I2SDdLU3BqbjlySzE4TzhkZU9NNmNSVkM4R1ZjOUxjdFRzemdQemVqYjZQQXZuS05yQVlhUUpsUmkyeU16bWIrMk0yZ0JpM0YwWHc1YXhrVEErY3BjQmZ1ZkRxTGRjMy9zTVJCbHFMRU09,UktJSTM0U0k3OGFoMkoveHVNalRQRnY0ajVGY2JIZUtrUzFSN0szVnJQOD0=,LzErY1d2cVVaSS9zODJ2ZmNFd1ZhVHJrWm9KeUpCSFRrTWUrdlNaMzNrcz0=
QkR4WmNXcFY2RmRORUQ0VzlOUFlhZnFQck45VlRZODhpQ1l2dk5OdEloMD0=,L1dSNWhHY08yUWo1dFpKNXVJMTE1MmorR3NEckVOZWM1Q1ZBVjN0M1haQT0=,QkR4WmNXcFY2RmRORUQ0VzlOUFlhZnFQck45VlRZODhpQ1l2dk5OdEloMD0=,cWVqYzRHc0FYZVpiWGJMajh5eUplNDhrTTRKNFgwYkRGeHpzY2R0aDZsaz0=,M2I2SDdLU3BqbjlySzE4TzhkZU9NNmNSVkM4R1ZjOUxjdFRzemdQemVqYjZQQXZuS05yQVlhUUpsUmkyeU16bWIrMk0yZ0JpM0YwWHc1YXhrVEErY3BjQmZ1ZkRxTGRjMy9zTVJCbHFMRU09,UktJSTM0U0k3OGFoMkoveHVNalRQRnY0ajVGY2JIZUtrUzFSN0szVnJQOD0=,LzErY1d2cVVaSS9zODJ2ZmNFd1ZhVHJrWm9KeUpCSFRrTWUrdlNaMzNrcz0=
VHBhcFdzdzJ3bEd4VHczL0w4dndsNERQQXBwenlzb283aWJ5QWxTdmllND0=,YWREWmwrWEVpVlpFNG12ejJoQ2JIZXlyYVU1dFZ5TmlhNE96OWJ5T2xmUT0=,VHBhcFdzdzJ3bEd4VHczL0w4dndsNERQQXBwenlzb283aWJ5QWxTdmllND0=,VzVyTmJrYXZheGRicnJobG1VcXhqMGsxNnhXMkJ6MkZjRlhtRnF5U1R6WT0=,TTJaQXd0eVVEQVp0MFJkUEFKeW1LSTNWem1TSE5kcHBvYWxoOE1NZFROR0MybGRoMFJGbGVKWndkdndCcVRxd1NuYXoyUHp2SGJrNDUvaGNVZFp1MFE9PQ==,bndHN1d6U1cvYXdoSzJsWWJYYndMNWxvMmRvbm1kTW9lWkZXM0F5SXpVbz0=,cTVSNEJZcm1HQnBHTUJlNEdpRUxHMGxGSUJLVFNVL1ZWYWZRZkV1aEtiUzNuWjN0Qk1vU1o1UFFPbGNqbXVhR1JWVTZLc05rV2J0UGNwV3lVSmN1aHY3UHFqaEFqcFJRd2ZsMWZGRDhNQ3NWZXVMTWh1NFRNcSttb1pVRlF3T2hEMHBrQ0VjWnhsb25RM0tjZkx0L0E4QUxxMmlRR3hVUElWL3pPS0Z3Y3owM3YxdysvN1dkcjZGa0NMOS9mZnZHMkJjWjhKWDRvMHlxU09vMW5MaUtRcGlBcmNmNk9HWUZQTXZNTGs2MG5NWVowbkJKeXJEZnBGTlBPSWdCWTBEaW0rVk56VTdlVU9ha0ZKSjIyYUVCQlNBQU0rQVhDeXhpRENvQ3c2bnh4NEpiUWU5c0ordjY4WlUzNE9UZTJ3Q1hUaDdFWmpZYnEwSzIzRmhuSFVNL3dhWkcyN2JqN01HUFd6V3ExR3I4dEZQVnd0ZGYrZ0ZzaXhwK1gyVVNVaGNURnFvVFZpcWtMa3NGM1pDcm05b2t3bW5mKytXaFNGVTVPbVFRNkhVa2wyb2FFRER6ZDV5aDZySDZKMXQ1a2NzS3NMclJsYW1MSlo1UFhNUkFUbVlJaElqSkJaU1EwUGZYZkpFL2hPbWxaa0tjUDZ0c21GWFc4VFFNRXdzZnp4ZkxqbHpaeXZsNnBUOGlrV1cvUEZQaFBoeVJ0YVdxTEdrMVByMSs2RW1Tc2tVYWxjdUgwVzU0Sm9ibXc1T3lGNG1UVW5DTmdCT0RPV3JvUHM3Q3VLWTJMcWtMUUpXaGRHVFliZk4wMGRLMEJHYz0=
dE5qODg3WE4veCt0NUZkc2I0bkd6RDk2WHA3ZVQ1b0hybjJrWEYrVmp4RT0=,Q1JkTDhZeUdCQVdYZjFqVG9TOXNXSlUydVdmNEQ0OVZreS9PaHhaVzRvcz0=,dE5qODg3WE4veCt0NUZkc2I0bkd6RDk2WHA3ZVQ1b0hybjJrWEYrVmp4RT0=,cWVqYzRHc0FYZVpiWGJMajh5eUplNDhrTTRKNFgwYkRGeHpzY2R0aDZsaz0=,M2I2SDdLU3BqbjlySzE4TzhkZU9NNmNSVkM4R1ZjOUxjdFRzemdQemVqYjZQQXZuS05yQVlhUUpsUmkyeU16bWIrMk0yZ0JpM0YwWHc1YXhrVEErY3BjQmZ1ZkRxTGRjMy9zTVJCbHFMRU09,UktJSTM0U0k3OGFoMkoveHVNalRQRnY0ajVGY2JIZUtrUzFSN0szVnJQOD0=,LzErY1d2cVVaSS9zODJ2ZmNFd1ZhVHJrWm9KeUpCSFRrTWUrdlNaMzNrcz0=
THdwVTVqcXl2eXM0Q00yL1FoS2dPUHFpNmRVS2EwZUY1UE1EN2tEUWdTUT0=,Q1JkTDhZeUdCQVdYZjFqVG9TOXNXSlUydVdmNEQ0OVZreS9PaHhaVzRvcz0=,THdwVTVqcXl2eXM0Q00yL1FoS2dPUHFpNmRVS2EwZUY1UE1EN2tEUWdTUT0=,cWVqYzRHc0FYZVpiWGJMajh5eUplNDhrTTRKNFgwYkRGeHpzY2R0aDZsaz0=,M2I2SDdLU3BqbjlySzE4TzhkZU9NNmNSVkM4R1ZjOUxjdFRzemdQemVqYjZQQXZuS05yQVlhUUpsUmkyeU16bWIrMk0yZ0JpM0YwWHc1YXhrVEErY3BjQmZ1ZkRxTGRjMy9zTVJCbHFMRU09,UktJSTM0U0k3OGFoMkoveHVNalRQRnY0ajVGY2JIZUtrUzFSN0szVnJQOD0=,LzErY1d2cVVaSS9zODJ2ZmNFd1ZhVHJrWm9KeUpCSFRrTWUrdlNaMzNrcz0=
NWw3Mmo0N2ZmRTBxVm9uNDhpMEtpL3Vkd0JrZlNSbDF3ZXJIaWc1REg3Zz0=,Q1JkTDhZeUdCQVdYZjFqVG9TOXNXSlUydVdmNEQ0OVZreS9PaHhaVzRvcz0=,NWw3Mmo0N2ZmRTBxVm9uNDhpMEtpL3Vkd0JrZlNSbDF3ZXJIaWc1REg3Zz0=,ejhjbGpVTitqanpKeGtYYmxFVEh3V3VoQktoUXNCUGJIUEFBeTd3TGtTND0=,dWdZRGM3LzQ4OVlnRHNsN1NBTDhKek5TN3FOMDBjZTdnMGVMMXQzQWgzZz0=,bndHN1d6U1cvYXdoSzJsWWJYYndMNWxvMmRvbm1kTW9lWkZXM0F5SXpVbz0=,R2xuY0JTMHFZZzFVeHh2dyt2ZGw1NGxxQ2c5dEl5RHZuWmdlKzhmenl2blprLzY4bGdJSC9FcW9paDZiTUxnTQ==
bEdxUUxWc2xHS3VEV0xCb2xvMlZWd1NFYzNseXpRYWVUNTRyMFZWTXh5TT0=,YWREWmwrWEVpVlpFNG12ejJoQ2JIZXlyYVU1dFZ5TmlhNE96OWJ5T2xmUT0=,bEdxUUxWc2xHS3VEV0xCb2xvMlZWd1NFYzNseXpRYWVUNTRyMFZWTXh5TT0=,ZXI0MUpXZmkxdWhDVitrbG0rWnVmQmFVcXBNUHR4a0k4enF1ZXpVdVBvR3VBOHpQTm1LV2xHUHNBTENsZXh4ZmlIM2RFMjl1dlJDY1JQM2pwVE0zQmRrZHNpTWFNTDF6UjVWK3A0VWxNbm52aTIvQU54T0ZQTkRuRUZUSFVsTTB2VUNydHg5VmJXVGtxckxkK0JQWmZnRzJySjF6VlJMa0xZSDNORjVyTDZzR3VXTVVkM1pMMmpWUlpWQnNFQ1RF,bndHN1d6U1cvYXdoSzJsWWJYYndMNWxvMmRvbm1kTW9lWkZXM0F5SXpVbz0=,cTVSNEJZcm1HQnBHTUJlNEdpRUxHd01DKzlJalUzazEyRnJZSXZEaUdGMXNLWFdqZStISU1hclN3eW81MUtheElldkJicktvc1Y2dEJDbXhIVXpkcDVjaEIzbUh1Y1NBRUZkZFhhV0JBaE8wN3diQ252dGM5NEFWRXRMVlh6bUdOOWFwZE1HZ1NLSDBCOFhPN2F4M1Y4emdHQmFLRlZja3dpYm1Yek5CODIwTkRBOEkrYWcvanpUbFZEMVcrU1Q2SFdEMFo2cjZLMFp3bnMwSXY5VFNnR1dnRk9qcmFHSkoxeGI3WXRHNWFJbjFZYzZvLzZWTkRhc2M4WTVPczJscnB2ODEyd3hXNjNSMTB2Sm4zbDczL0VsSWdWU2tRZ0gwRGl6bm13VU9TamF6RDUrRHBKaHR1SWR6Qm1WdFpQM0NiaVNDMzNBek1zampabmlIdWJwYXVORDMyZ0l6Q0dQcnNVcmdqeEtDamRvNTVnSHhVSTdIUjdrL3J5UHVGRUNiSk9saWliYnhUZTNqdkkvU3RtbmRjVExzWjhDampxcWN5alJxalgrenBOdDVwQlRlb1RWYzV6RXVMQURSck9xSHVidTVRK3BZRTc3akgwUTBNd1QxNkNJQ2JiR2toeTB1akpJSTd3RVFlN2s1U1J2UEZ4aTdpMXpFdUwvdUpzNXdkK1ZxQkdCSnhqZkNON3luWnUrUHBEaFUvVXFTeUR2Qzd0QVkvQ1hDQ2NsdEdjbWlVL0lqRTIxdU8zR2ZZZjFE,LzErY1d2cVVaSS9zODJ2ZmNFd1ZhVHJrWm9KeUpCSFRrTWUrdlNaMzNrcz0=
R1pjM1VsMm1xTFp4Y29Hc3hRY3IreXBlOFJEVXZRZDZhTlpIYlNWcVhxMD0=,YWREWmwrWEVpVlpFNG12ejJoQ2JIZXlyYVU1dFZ5TmlhNE96OWJ5T2xmUT0=,R1pjM1VsMm1xTFp4Y29Hc3hRY3IreXBlOFJEVXZRZDZhTlpIYlNWcVhxMD0=,ZXI0MUpXZmkxdWhDVitrbG0rWnVmQmFVcXBNUHR4a0k4enF1ZXpVdVBvR3VBOHpQTm1LV2xHUHNBTENsZXh4ZmlIM2RFMjl1dlJDY1JQM2pwVE0zQmRrZHNpTWFNTDF6UjVWK3A0VWxNbm52aTIvQU54T0ZQTkRuRUZUSFVsTTB2VUNydHg5VmJXVGtxckxkK0JQWmZnRzJySjF6VlJMa0xZSDNORjVyTDZzR3VXTVVkM1pMMmpWUlpWQnNFQ1RF,bndHN1d6U1cvYXdoSzJsWWJYYndMNWxvMmRvbm1kTW9lWkZXM0F5SXpVbz0=,cTVSNEJZcm1HQnBHTUJlNEdpRUxHd01DKzlJalUzazEyRnJZSXZEaUdGMXNLWFdqZStISU1hclN3eW81MUtheElldkJicktvc1Y2dEJDbXhIVXpkcDVjaEIzbUh1Y1NBRUZkZFhhV0JBaFBVWTZ1VUtSSTl0UHdDMzJmZHd3Y29wdnZGbkg1RTB5R3FGdGdsb051K0h4YytBU1hxUzVWeFNiT1Y1RDhhbGY3M0Qwc3pzaUhza2FSOGQ2QzFVTlJTRXNia091ZVlDNnFaOVA0eW9CaUV5Q3duQm5VSGpZSFRaeCt3OVNGMm1NVklJeUVyRHBZeXQ0UWlpajNvYmxFQVZrcHh0M0Y2cWpPWWtOcmZ5UG1JMngzODFUc1FKRkVNVzRoNy9FWUszZXlkczdDS3FlSTdnUU9FbjBvaHBmS0NvcjYxdVBsTUhhbEM5Zmd5U2k0V2Q3V2Z1VmRxbXU2ZFhadEg5QXU1ZHJ2L1RwckdGK05zS05sMVFTTGhVRUlpbHBsSEVvc2EzVDdWV2xIOWpRM1U5NlBVM2NvL2lMbHlhYjlnNWNXMVdmbW1jWlplbVZBeVB1VHVzRGhrVi9NVUdONk8xK25Sbm83ZU1jbkF4WVZqeXhnbnJKcitUU1JKNmxSaXhEK05ZRjQ5K0hDSDdFcUFNVkYvcFIrTi9QTEdBWDZRZ1U1ZjIzRC9VdnhSYm9Tb2ZQVW1TNnc3YThieVZmdWp6SnR0WFVUTVlqOEpJeDdub0xXa05KNVVKQWw4,LzErY1d2cVVaSS9zODJ2ZmNFd1ZhVHJrWm9KeUpCSFRrTWUrdlNaMzNrcz0=
NE0zaFhRSFdYb3NPYUd0cFFoMXBVSjZKaXRtVzJuaVFrMFZUbEVYeXZrWT0=,YWREWmwrWEVpVlpFNG12ejJoQ2JIZXlyYVU1dFZ5TmlhNE96OWJ5T2xmUT0=,NE0zaFhRSFdYb3NPYUd0cFFoMXBVSjZKaXRtVzJuaVFrMFZUbEVYeXZrWT0=,ZXI0MUpXZmkxdWhDVitrbG0rWnVmQmFVcXBNUHR4a0k4enF1ZXpVdVBvR3VBOHpQTm1LV2xHUHNBTENsZXh4ZmlIM2RFMjl1dlJDY1JQM2pwVE0zQmRrZHNpTWFNTDF6UjVWK3A0VWxNbm52aTIvQU54T0ZQTkRuRUZUSFVsTTB2VUNydHg5VmJXVGtxckxkK0JQWmZnRzJySjF6VlJMa0xZSDNORjVyTDZzR3VXTVVkM1pMMmpWUlpWQnNFQ1RF,bndHN1d6U1cvYXdoSzJsWWJYYndMNWxvMmRvbm1kTW9lWkZXM0F5SXpVbz0=,cTVSNEJZcm1HQnBHTUJlNEdpRUxHd01DKzlJalUzazEyRnJZSXZEaUdGMXNLWFdqZStISU1hclN3eW81MUtheElldkJicktvc1Y2dEJDbXhIVXpkcDVjaEIzbUh1Y1NBRUZkZFhhV0JBaFBVWTZ1VUtSSTl0UHdDMzJmZHd3Y29wdnZGbkg1RTB5R3FGdGdsb051K0h4YytBU1hxUzVWeFNiT1Y1RDhhbGY3M0Qwc3pzaUhza2FSOGQ2QzFVTlJTRXNia091ZVlDNnFaOVA0eW9CaUV5Q3duQm5VSGpZSFRaeCt3OVNGMm1NVklJeUVyRHBZeXQ0UWlpajNvYmxFQVZrcHh0M0Y2cWpPWWtOcmZ5UG1JMngzODFUc1FKRkVNVzRoNy9FWUszZXlkczdDS3FlSTdnUU9FbjBvaHBmS0NvcjYxdVBsTUhhbEM5Zmd5U2k0V2Q3V2Z1VmRxbXU2ZFhadEg5QXU1ZHJ2L1RwckdGK05zS05sMVFTTGhVRUlpbHBsSEVvc2EzVDdWV2xIOWpRM1U5NlBVM2NvL2lMbHlhYjlnNWNXMVdmbW1jWlplbVZBeVB1VHVzRGhrVi9NVUdONk8xK25Sbm83ZU1jbkF4WVZqeXhnbnJKcitUU1JKNmxSaXhEK05ZRjQ5K0hDSDdFcUFNVkYvcFIrTi9QTEdBWDZRZ1U1ZjIzRC9VdnhSYm9Tb2ZQVW1TNnc3YThieVZmdWp6SnR0WFVUTVlqOEpJeDdub0xXa05KNVVKQWw4,LzErY1d2cVVaSS9zODJ2ZmNFd1ZhVHJrWm9KeUpCSFRrTWUrdlNaMzNrcz0=
TjZZRWVLV3hXV0ovQUEzek4rR056V2NvWnNpNmF2MlRqN2JIRzZCSnNqVT0=,YWREWmwrWEVpVlpFNG12ejJoQ2JIZXlyYVU1dFZ5TmlhNE96OWJ5T2xmUT0=,TjZZRWVLV3hXV0ovQUEzek4rR056V2NvWnNpNmF2MlRqN2JIRzZCSnNqVT0=,ZXI0MUpXZmkxdWhDVitrbG0rWnVmQmFVcXBNUHR4a0k4enF1ZXpVdVBvR3VBOHpQTm1LV2xHUHNBTENsZXh4ZmlIM2RFMjl1dlJDY1JQM2pwVE0zQmRrZHNpTWFNTDF6UjVWK3A0VWxNbm52aTIvQU54T0ZQTkRuRUZUSFVsTTB2VUNydHg5VmJXVGtxckxkK0JQWmZnRzJySjF6VlJMa0xZSDNORjVyTDZzR3VXTVVkM1pMMmpWUlpWQnNFQ1RF,bndHN1d6U1cvYXdoSzJsWWJYYndMNWxvMmRvbm1kTW9lWkZXM0F5SXpVbz0=,cTVSNEJZcm1HQnBHTUJlNEdpRUxHd01DKzlJalUzazEyRnJZSXZEaUdGMXNLWFdqZStISU1hclN3eW81MUtheElldkJicktvc1Y2dEJDbXhIVXpkcDVjaEIzbUh1Y1NBRUZkZFhhV0JBaFBVWTZ1VUtSSTl0UHdDMzJmZHd3Y29wdnZGbkg1RTB5R3FGdGdsb051K0h4YytBU1hxUzVWeFNiT1Y1RDhhbGY3M0Qwc3pzaUhza2FSOGQ2QzFVTlJTRXNia091ZVlDNnFaOVA0eW9CaUV5Q3duQm5VSGpZSFRaeCt3OVNGMm1NVklJeUVyRHBZeXQ0UWlpajNvYmxFQVZrcHh0M0Y2cWpPWWtOcmZ5UG1JMngzODFUc1FKRkVNVzRoNy9FWUszZXlkczdDS3FlSTdnUU9FbjBvaHBmS0NvcjYxdVBsTUhhbEM5Zmd5U2k0V2Q3V2Z1VmRxbXU2ZFhadEg5QXU1ZHJ2L1RwckdGK05zS05sMVFTTGhVRUlpbHBsSEVvc2EzVDdWV2xIOWpRM1U5NlBVM2NvL2lMbHlhYjlnNWNXMVdmbW1jWlplbVZBeVB1VHVzRGhrVi9NVUdONk8xK25Sbm83ZU1jbkF4WVZqeXhnbnJKcitUU1JKNmxSaXhEK05ZRjdZQjBOaXpka2N4Z2p1SjdCakFRRFpuVlo1dm11S01jb29vRWJ0UWtMVUxDd051aElGMkUzMkJBemhEa0FSUGt2QlY2YlVGbkJrbFhYamFnaFBqUEE2,LzErY1d2cVVaSS9zODJ2ZmNFd1ZhVHJrWm9KeUpCSFRrTWUrdlNaMzNrcz0=
TS9VL09GbUZCWHJHS2x2NFRsd1JMdi9SMzZYTHFrbndtY2d2VVhNTU9Ydz0=,YWREWmwrWEVpVlpFNG12ejJoQ2JIZXlyYVU1dFZ5TmlhNE96OWJ5T2xmUT0=,TS9VL09GbUZCWHJHS2x2NFRsd1JMdi9SMzZYTHFrbndtY2d2VVhNTU9Ydz0=,ZXI0MUpXZmkxdWhDVitrbG0rWnVmQmFVcXBNUHR4a0k4enF1ZXpVdVBvR3VBOHpQTm1LV2xHUHNBTENsZXh4ZmlIM2RFMjl1dlJDY1JQM2pwVE0zQmRrZHNpTWFNTDF6UjVWK3A0VWxNbm52aTIvQU54T0ZQTkRuRUZUSFVsTTB2VUNydHg5VmJXVGtxckxkK0JQWmZnRzJySjF6VlJMa0xZSDNORjVyTDZzR3VXTVVkM1pMMmpWUlpWQnNFQ1RF,bndHN1d6U1cvYXdoSzJsWWJYYndMNWxvMmRvbm1kTW9lWkZXM0F5SXpVbz0=,cTVSNEJZcm1HQnBHTUJlNEdpRUxHd01DKzlJalUzazEyRnJZSXZEaUdGMXNLWFdqZStISU1hclN3eW81MUtheElldkJicktvc1Y2dEJDbXhIVXpkcDVjaEIzbUh1Y1NBRUZkZFhhV0JBaFBVWTZ1VUtSSTl0UHdDMzJmZHd3Y29wdnZGbkg1RTB5R3FGdGdsb051K0h4YytBU1hxUzVWeFNiT1Y1RDhhbGY3M0Qwc3pzaUhza2FSOGQ2QzFVTlJTRXNia091ZVlDNnFaOVA0eW9CaUV5Q3duQm5VSGpZSFRaeCt3OVNGMm1NVklJeUVyRHBZeXQ0UWlpajNvYmxFQVZrcHh0M0Y2cWpPWWtOcmZ5UG1JMngzODFUc1FKRkVNVzRoNy9FWUszZXlkczdDS3FlSTdnUU9FbjBvaHBmS0NvcjYxdVBsTUhhbEM5Zmd5U2k0V2Q3V2Z1VmRxbXU2ZFhadEg5QXU1ZHJ2L1RwckdGK05zS05sMVFTTGhVRUlpbHBsSEVvc2EzVDdWV2xIOWpRM1U5NlBVM2NvL2lMbHlhYjlnNWNXMVdmbW1jWlplbVZBeVB1VHVzRGhrVi9NVUdONk8xK25Sbm83ZU1jbkF4WVZqeXhnbnJKcitUU1JKNmxSaXhEK05ZRjQ5K0hDSDdFcUFNVkYvcFIrTi9QTEdBWDZRZ1U1ZjIzRC9VdnhSYm9Tb2ZQVW1TNnc3YThieVZmdWp6SnR0WFVUTVlqOEpJeDdub0xXa05KNVVKQWw4,LzErY1d2cVVaSS9zODJ2ZmNFd1ZhVHJrWm9KeUpCSFRrTWUrdlNaMzNrcz0=
Nk5hcmwvZXRPSXJaLzNtdUZUWEhubWFGRjh4VWl1ZW0xN3RNYkIrVWpFZz0=,YWREWmwrWEVpVlpFNG12ejJoQ2JIZXlyYVU1dFZ5TmlhNE96OWJ5T2xmUT0=,Nk5hcmwvZXRPSXJaLzNtdUZUWEhubWFGRjh4VWl1ZW0xN3RNYkIrVWpFZz0=,ZXI0MUpXZmkxdWhDVitrbG0rWnVmQmFVcXBNUHR4a0k4enF1ZXpVdVBvR3VBOHpQTm1LV2xHUHNBTENsZXh4ZmlIM2RFMjl1dlJDY1JQM2pwVE0zQmRrZHNpTWFNTDF6UjVWK3A0VWxNbm52aTIvQU54T0ZQTkRuRUZUSFVsTTB2VUNydHg5VmJXVGtxckxkK0JQWmZnRzJySjF6VlJMa0xZSDNORjVyTDZzR3VXTVVkM1pMMmpWUlpWQnNFQ1RF,bndHN1d6U1cvYXdoSzJsWWJYYndMNWxvMmRvbm1kTW9lWkZXM0F5SXpVbz0=,cTVSNEJZcm1HQnBHTUJlNEdpRUxHd01DKzlJalUzazEyRnJZSXZEaUdGMXNLWFdqZStISU1hclN3eW81MUtheElldkJicktvc1Y2dEJDbXhIVXpkcDVjaEIzbUh1Y1NBRUZkZFhhV0JBaFBVWTZ1VUtSSTl0UHdDMzJmZHd3Y29wdnZGbkg1RTB5R3FGdGdsb051K0h4YytBU1hxUzVWeFNiT1Y1RDhhbGY3M0Qwc3pzaUhza2FSOGQ2QzFVTlJTRXNia091ZVlDNnFaOVA0eW9CaUV5Q3duQm5VSGpZSFRaeCt3OVNGMm1NVklJeUVyRHBZeXQ0UWlpajNvYmxFQVZrcHh0M0Y2cWpPWWtOcmZ5UG1JMngzODFUc1FKRkVNVzRoNy9FWUszZXlkczdDS3FlSTdnUU9FbjBvaHBmS0NvcjYxdVBsTUhhbEM5Zmd5U2k0V2Q3V2Z1VmRxbXU2ZFhadEg5QXU1ZHJ2L1RwckdGK05zS05sMVFTTGhVRUlpbHBsSEVvc2EzVDdWV2xIOWpRM1U5NlBVM2NvL2lMbHlhYjlnNWNXMVdmbW1jWlplbVZBeVB1VHVzRGhrVi9NVUdONk8xK25Sbm83ZU1jbkF4WVZqeXhnbnJKcitUU1JKNmxSaXhEK05ZRjdZQjBOaXpka2N4Z2p1SjdCakFRRFpuVlo1dm11S01jb29vRWJ0UWtMVUxDd051aElGMkUzMkJBemhEa0FSUGt2QlY2YlVGbkJrbFhYamFnaFBqUEE2,LzErY1d2cVVaSS9zODJ2ZmNFd1ZhVHJrWm9KeUpCSFRrTWUrdlNaMzNrcz0=
aU9jWURScnE0OVVnVVdVZFhiVEF2NVZhdm12aGNvZkdIVTVCL2tlaW1vOD0=,L1dSNWhHY08yUWo1dFpKNXVJMTE1MmorR3NEckVOZWM1Q1ZBVjN0M1haQT0=,aU9jWURScnE0OVVnVVdVZFhiVEF2NVZhdm12aGNvZkdIVTVCL2tlaW1vOD0=,cWVqYzRHc0FYZVpiWGJMajh5eUplNDhrTTRKNFgwYkRGeHpzY2R0aDZsaz0=,M2I2SDdLU3BqbjlySzE4TzhkZU9NNmNSVkM4R1ZjOUxjdFRzemdQemVqYjZQQXZuS05yQVlhUUpsUmkyeU16bWIrMk0yZ0JpM0YwWHc1YXhrVEErY3BjQmZ1ZkRxTGRjMy9zTVJCbHFMRU09,UktJSTM0U0k3OGFoMkoveHVNalRQRnY0ajVGY2JIZUtrUzFSN0szVnJQOD0=,LzErY1d2cVVaSS9zODJ2ZmNFd1ZhVHJrWm9KeUpCSFRrTWUrdlNaMzNrcz0=
UWVIUnpLOXNZSU8zRTNsZEJ1QXNZN29KYUNFbjQ1RHl1UWs3YldGeHFZOD0=,YWREWmwrWEVpVlpFNG12ejJoQ2JIZXlyYVU1dFZ5TmlhNE96OWJ5T2xmUT0=,UWVIUnpLOXNZSU8zRTNsZEJ1QXNZN29KYUNFbjQ1RHl1UWs3YldGeHFZOD0=,ZXI0MUpXZmkxdWhDVitrbG0rWnVmQmFVcXBNUHR4a0k4enF1ZXpVdVBvR3VBOHpQTm1LV2xHUHNBTENsZXh4ZmlIM2RFMjl1dlJDY1JQM2pwVE0zQmRrZHNpTWFNTDF6UjVWK3A0VWxNbm52aTIvQU54T0ZQTkRuRUZUSFVsTTB2VUNydHg5VmJXVGtxckxkK0JQWmZnRzJySjF6VlJMa0xZSDNORjVyTDZzR3VXTVVkM1pMMmpWUlpWQnNFQ1RF,bndHN1d6U1cvYXdoSzJsWWJYYndMNWxvMmRvbm1kTW9lWkZXM0F5SXpVbz0=,cTVSNEJZcm1HQnBHTUJlNEdpRUxHd01DKzlJalUzazEyRnJZSXZEaUdGMXNLWFdqZStISU1hclN3eW81MUtheElldkJicktvc1Y2dEJDbXhIVXpkcDVjaEIzbUh1Y1NBRUZkZFhhV0JBaFBVWTZ1VUtSSTl0UHdDMzJmZHd3Y29wdnZGbkg1RTB5R3FGdGdsb051K0h4YytBU1hxUzVWeFNiT1Y1RDhhbGY3M0Qwc3pzaUhza2FSOGQ2QzFVTlJTRXNia091ZVlDNnFaOVA0eW9CaUV5Q3duQm5VSGpZSFRaeCt3OVNGMm1NVklJeUVyRHBZeXQ0UWlpajNvYmxFQVZrcHh0M0Y2cWpPWWtOcmZ5UG1JMngzODFUc1FKRkVNVzRoNy9FWUszZXlkczdDS3FlSTdnUU9FbjBvaHBmS0NvcjYxdVBsTUhhbEM5Zmd5U2k0V2Q3V2Z1VmRxbXU2ZFhadEg5QXU1ZHJ2L1RwckdGK05zS05sMVFTTGhVRUlpbHBsSEVvc2EzVDdWV2xIOWpRM1U5NlBVM2NvL2lMbHlhYjlnNWNXMVdmbW1jWlplbVZBeVB1VHVzRGhrVi9NVUdONk8xK25Sbm83ZU1jbkF4WVZqeXhnbnJKcitUU1JKNmxSaXhEK05ZRjQ5K0hDSDdFcUFNVkYvcFIrTi9QTEdqbDRFbmlITjJnSE5oeHZNdTBRblBHTE0zYlI5NVpqZjNrZVRScmV0eWVuYmtlNkZCNzBxVXBmQWRUTUFoeVp6,LzErY1d2cVVaSS9zODJ2ZmNFd1ZhVHJrWm9KeUpCSFRrTWUrdlNaMzNrcz0=
U3pLeXpzc2Y5a2N4ZitGbFBZeGF5VGVWVnpRUnRqSFVaVmxId0lXeDFSQT0=,YWREWmwrWEVpVlpFNG12ejJoQ2JIZXlyYVU1dFZ5TmlhNE96OWJ5T2xmUT0=,U3pLeXpzc2Y5a2N4ZitGbFBZeGF5VGVWVnpRUnRqSFVaVmxId0lXeDFSQT0=,VzVyTmJrYXZheGRicnJobG1VcXhqMGsxNnhXMkJ6MkZjRlhtRnF5U1R6WT0=,TTJaQXd0eVVEQVp0MFJkUEFKeW1LSTNWem1TSE5kcHBvYWxoOE1NZFROR0MybGRoMFJGbGVKWndkdndCcVRxd1NuYXoyUHp2SGJrNDUvaGNVZFp1MFE9PQ==,bndHN1d6U1cvYXdoSzJsWWJYYndMNWxvMmRvbm1kTW9lWkZXM0F5SXpVbz0=,cTVSNEJZcm1HQnBHTUJlNEdpRUxHMGxGSUJLVFNVL1ZWYWZRZkV1aEtiUzNuWjN0Qk1vU1o1UFFPbGNqbXVhR1JWVTZLc05rV2J0UGNwV3lVSmN1aHY3UHFqaEFqcFJRd2ZsMWZGRDhNQ3NWZXVMTWh1NFRNcSttb1pVRlF3T2hEMHBrQ0VjWnhsb25RM0tjZkx0L0E4QUxxMmlRR3hVUElWL3pPS0Z3Y3oyeEJSajFHbGpGbWxTUDhWc1gxZjRjd0ZsT1piK1dqOXU4KzFUNWt5ZEZKc0IrSy9xSDlnanFwcW5zVnFON0swSWJmZDhvTmFMYUxOU1ltZHFwZkFvYU9SV2NwVEVIcWVlZGplZmRQZ2pwcExqWXZoTFBRUHY1N1c2ZURhNHNsN3U5SVVTNTYvU1I3Skc4RUE3Z0c3M2Y1eUhnZVprRFRtUUhmeVBzbnFCRDhwNmNicWg0Mk05TjlBQ1RaaTYxYzBnb3dQRWRkUmJqTm9qN3hsdGhDbU41QTZLdW5Bd1RnclAyNUxjVUJKd0Iyc0pHV0lhaWVXZUVySDliZVBQa0hPb01NeDg1TUY5ZUwvMVlxWmpqeWJGRmtXWHQzTVJOdmtMMlFUeW5QVHowY2Vjc092TXVZYzR3TU02aEVlK1llckNlZE9FTjEyUWY2a1hXc0VMdDdIQWtEMG45d1RvVExZeCswazVwZWJubmJIYy9wbzZyRUtlWWM4bFoxd0REL1h6N2NyNUNTd2hSVjhzYjU3YjRDNlhqZStFUDE3ZzZFdVNDNnRhWm1BalV3RWJjNzZjekhxSkJSMHg5R1lNRVo4WT0=
MkozeFVoRmFSZ3kxWUtXNVZKMFFoVnZGd1VzeUhBRGl1azdOeHE3alVzOD0=,bjJKREJRTy90MTlxaUQ5RTNUTEtweXRsZ2ZGdmdTYXIzNmVSUGRtUXhkRT0=,MkozeFVoRmFSZ3kxWUtXNVZKMFFoVnZGd1VzeUhBRGl1azdOeHE3alVzOD0=,cWVqYzRHc0FYZVpiWGJMajh5eUplNDhrTTRKNFgwYkRGeHpzY2R0aDZsaz0=,M2I2SDdLU3BqbjlySzE4TzhkZU9NNmNSVkM4R1ZjOUxjdFRzemdQemVqYjZQQXZuS05yQVlhUUpsUmkyeU16bWIrMk0yZ0JpM0YwWHc1YXhrVEErY3BjQmZ1ZkRxTGRjMy9zTVJCbHFMRU09,UktJSTM0U0k3OGFoMkoveHVNalRQRnY0ajVGY2JIZUtrUzFSN0szVnJQOD0=,LzErY1d2cVVaSS9zODJ2ZmNFd1ZhVHJrWm9KeUpCSFRrTWUrdlNaMzNrcz0=
OC9vYTVoMXUzZ3I5NGVnWXl5cmt4Zmlqa1RqdnJpN3lOQmlWSmh1b1VVOD0=,Q1JkTDhZeUdCQVdYZjFqVG9TOXNXSlUydVdmNEQ0OVZreS9PaHhaVzRvcz0=,OC9vYTVoMXUzZ3I5NGVnWXl5cmt4Zmlqa1RqdnJpN3lOQmlWSmh1b1VVOD0=,cWVqYzRHc0FYZVpiWGJMajh5eUplNDhrTTRKNFgwYkRGeHpzY2R0aDZsaz0=,M2I2SDdLU3BqbjlySzE4TzhkZU9NNmNSVkM4R1ZjOUxjdFRzemdQemVqYjZQQXZuS05yQVlhUUpsUmkyeU16bWIrMk0yZ0JpM0YwWHc1YXhrVEErY3BjQmZ1ZkRxTGRjMy9zTVJCbHFMRU09,UktJSTM0U0k3OGFoMkoveHVNalRQRnY0ajVGY2JIZUtrUzFSN0szVnJQOD0=,LzErY1d2cVVaSS9zODJ2ZmNFd1ZhVHJrWm9KeUpCSFRrTWUrdlNaMzNrcz0=
K05XNnFXUmg1dVdlSmNqVzltQVBzRVRzdjltY1RtNjQwdXJyRUVTcDlvdz0=,L1dSNWhHY08yUWo1dFpKNXVJMTE1MmorR3NEckVOZWM1Q1ZBVjN0M1haQT0=,K05XNnFXUmg1dVdlSmNqVzltQVBzRVRzdjltY1RtNjQwdXJyRUVTcDlvdz0=,cWVqYzRHc0FYZVpiWGJMajh5eUplNDhrTTRKNFgwYkRGeHpzY2R0aDZsaz0=,M2I2SDdLU3BqbjlySzE4TzhkZU9NNmNSVkM4R1ZjOUxjdFRzemdQemVqYjZQQXZuS05yQVlhUUpsUmkyeU16bWIrMk0yZ0JpM0YwWHc1YXhrVEErY3BjQmZ1ZkRxTGRjMy9zTVJCbHFMRU09,UktJSTM0U0k3OGFoMkoveHVNalRQRnY0ajVGY2JIZUtrUzFSN0szVnJQOD0=,LzErY1d2cVVaSS9zODJ2ZmNFd1ZhVHJrWm9KeUpCSFRrTWUrdlNaMzNrcz0=
eGF2OGVSVGM1RUR1emNBcW1UNXlJMFEyRWw4TDNrd0dxZWh6OW04ODZnTT0=,YWREWmwrWEVpVlpFNG12ejJoQ2JIZXlyYVU1dFZ5TmlhNE96OWJ5T2xmUT0=,eGF2OGVSVGM1RUR1emNBcW1UNXlJMFEyRWw4TDNrd0dxZWh6OW04ODZnTT0=,cWVqYzRHc0FYZVpiWGJMajh5eUplNDhrTTRKNFgwYkRGeHpzY2R0aDZsaz0=,dWdZRGM3LzQ4OVlnRHNsN1NBTDhKek5TN3FOMDBjZTdnMGVMMXQzQWgzZz0=,bndHN1d6U1cvYXdoSzJsWWJYYndMNWxvMmRvbm1kTW9lWkZXM0F5SXpVbz0=,eUk5OHE1cHBSYnJ2L1ZCUGg2UzZXSjI4VjJHclk4UTF3VkVkcGVRdUxLbEJLK0IzR0t5anZySEhKKzVMVjR5Vg==
Z3ovdlozdEhwWnp5THBkbzZLOGt0R0xVemwxcTg1azNTMUhuLzg4YWNTWT0=,L1dSNWhHY08yUWo1dFpKNXVJMTE1MmorR3NEckVOZWM1Q1ZBVjN0M1haQT0=,Z3ovdlozdEhwWnp5THBkbzZLOGt0R0xVemwxcTg1azNTMUhuLzg4YWNTWT0=,cWVqYzRHc0FYZVpiWGJMajh5eUplNDhrTTRKNFgwYkRGeHpzY2R0aDZsaz0=,M2I2SDdLU3BqbjlySzE4TzhkZU9NNmNSVkM4R1ZjOUxjdFRzemdQemVqYjZQQXZuS05yQVlhUUpsUmkyeU16bWIrMk0yZ0JpM0YwWHc1YXhrVEErY3BjQmZ1ZkRxTGRjMy9zTVJCbHFMRU09,UktJSTM0U0k3OGFoMkoveHVNalRQRnY0ajVGY2JIZUtrUzFSN0szVnJQOD0=,LzErY1d2cVVaSS9zODJ2ZmNFd1ZhVHJrWm9KeUpCSFRrTWUrdlNaMzNrcz0=
V1F2RlUwMTI2RFZtaEQ4WGxYZHdWNmMwaFlMR3BKcFgzT0lldFJPNG9rQT0=,L1dSNWhHY08yUWo1dFpKNXVJMTE1MmorR3NEckVOZWM1Q1ZBVjN0M1haQT0=,V1F2RlUwMTI2RFZtaEQ4WGxYZHdWNmMwaFlMR3BKcFgzT0lldFJPNG9rQT0=,cWVqYzRHc0FYZVpiWGJMajh5eUplNDhrTTRKNFgwYkRGeHpzY2R0aDZsaz0=,M2I2SDdLU3BqbjlySzE4TzhkZU9NNmNSVkM4R1ZjOUxjdFRzemdQemVqYjZQQXZuS05yQVlhUUpsUmkyeU16bWIrMk0yZ0JpM0YwWHc1YXhrVEErY3BjQmZ1ZkRxTGRjMy9zTVJCbHFMRU09,UktJSTM0U0k3OGFoMkoveHVNalRQRnY0ajVGY2JIZUtrUzFSN0szVnJQOD0=,LzErY1d2cVVaSS9zODJ2ZmNFd1ZhVHJrWm9KeUpCSFRrTWUrdlNaMzNrcz0=
WnJLSXEzcXVpOUdFRWFPMkZEYUNBTysxdGh1ZndBZVdmL2pMY3E0L21yYz0=,Q1JkTDhZeUdCQVdYZjFqVG9TOXNXSlUydVdmNEQ0OVZreS9PaHhaVzRvcz0=,WnJLSXEzcXVpOUdFRWFPMkZEYUNBTysxdGh1ZndBZVdmL2pMY3E0L21yYz0=,cWVqYzRHc0FYZVpiWGJMajh5eUplNDhrTTRKNFgwYkRGeHpzY2R0aDZsaz0=,M2I2SDdLU3BqbjlySzE4TzhkZU9NNmNSVkM4R1ZjOUxjdFRzemdQemVqYjZQQXZuS05yQVlhUUpsUmkyeU16bWIrMk0yZ0JpM0YwWHc1YXhrVEErY3BjQmZ1ZkRxTGRjMy9zTVJCbHFMRU09,UktJSTM0U0k3OGFoMkoveHVNalRQRnY0ajVGY2JIZUtrUzFSN0szVnJQOD0=,LzErY1d2cVVaSS9zODJ2ZmNFd1ZhVHJrWm9KeUpCSFRrTWUrdlNaMzNrcz0=
RFhLdmZQYmZEOWovTlJZTFdlcFJiZjZSaTZHZk55OTd1cElPdVJiWHI4RT0=,Q1JkTDhZeUdCQVdYZjFqVG9TOXNXSlUydVdmNEQ0OVZreS9PaHhaVzRvcz0=,RFhLdmZQYmZEOWovTlJZTFdlcFJiZjZSaTZHZk55OTd1cElPdVJiWHI4RT0=,cWVqYzRHc0FYZVpiWGJMajh5eUplNDhrTTRKNFgwYkRGeHpzY2R0aDZsaz0=,M2I2SDdLU3BqbjlySzE4TzhkZU9NNmNSVkM4R1ZjOUxjdFRzemdQemVqYjZQQXZuS05yQVlhUUpsUmkyeU16bWIrMk0yZ0JpM0YwWHc1YXhrVEErY3BjQmZ1ZkRxTGRjMy9zTVJCbHFMRU09,UktJSTM0U0k3OGFoMkoveHVNalRQRnY0ajVGY2JIZUtrUzFSN0szVnJQOD0=,LzErY1d2cVVaSS9zODJ2ZmNFd1ZhVHJrWm9KeUpCSFRrTWUrdlNaMzNrcz0=
TU5TRmpQVm1uclZlSy9Wd2t6aFVudGpTcGlwQVNkMWl2TWhJNkt5SkY1MD0=,SndhMHdsdWpxaU4wT3c3N2Q3WDQ4QmV4bFlOQU1WRU9TVHE5Z2NiaVpsQT0=,TU5TRmpQVm1uclZlSy9Wd2t6aFVudGpTcGlwQVNkMWl2TWhJNkt5SkY1MD0=,cWVqYzRHc0FYZVpiWGJMajh5eUplNDhrTTRKNFgwYkRGeHpzY2R0aDZsaz0=,M2I2SDdLU3BqbjlySzE4TzhkZU9NNmNSVkM4R1ZjOUxjdFRzemdQemVqYjZQQXZuS05yQVlhUUpsUmkyeU16bWIrMk0yZ0JpM0YwWHc1YXhrVEErY3BjQmZ1ZkRxTGRjMy9zTVJCbHFMRU09,UktJSTM0U0k3OGFoMkoveHVNalRQRnY0ajVGY2JIZUtrUzFSN0szVnJQOD0=,LzErY1d2cVVaSS9zODJ2ZmNFd1ZhVHJrWm9KeUpCSFRrTWUrdlNaMzNrcz0=
UVBLcjc2SmZvZUxlNTh6MHc4OU13eERldE9pYWJqTUVmZ2ZoWFZWRGhnTT0=,L1dSNWhHY08yUWo1dFpKNXVJMTE1MmorR3NEckVOZWM1Q1ZBVjN0M1haQT0=,UVBLcjc2SmZvZUxlNTh6MHc4OU13eERldE9pYWJqTUVmZ2ZoWFZWRGhnTT0=,cWVqYzRHc0FYZVpiWGJMajh5eUplNDhrTTRKNFgwYkRGeHpzY2R0aDZsaz0=,M2I2SDdLU3BqbjlySzE4TzhkZU9NNmNSVkM4R1ZjOUxjdFRzemdQemVqYjZQQXZuS05yQVlhUUpsUmkyeU16bWIrMk0yZ0JpM0YwWHc1YXhrVEErY3BjQmZ1ZkRxTGRjMy9zTVJCbHFMRU09,UktJSTM0U0k3OGFoMkoveHVNalRQRnY0ajVGY2JIZUtrUzFSN0szVnJQOD0=,LzErY1d2cVVaSS9zODJ2ZmNFd1ZhVHJrWm9KeUpCSFRrTWUrdlNaMzNrcz0=
ZHBrZlpwQkpDUWtRczR3YjJ3T1ZVdm5qc2o2eVhRajVwVTkxTTYvL0gyOD0=,Q1JkTDhZeUdCQVdYZjFqVG9TOXNXSlUydVdmNEQ0OVZreS9PaHhaVzRvcz0=,ZHBrZlpwQkpDUWtRczR3YjJ3T1ZVdm5qc2o2eVhRajVwVTkxTTYvL0gyOD0=,cWVqYzRHc0FYZVpiWGJMajh5eUplNDhrTTRKNFgwYkRGeHpzY2R0aDZsaz0=,M2I2SDdLU3BqbjlySzE4TzhkZU9NNmNSVkM4R1ZjOUxjdFRzemdQemVqYjZQQXZuS05yQVlhUUpsUmkyeU16bWIrMk0yZ0JpM0YwWHc1YXhrVEErY3BjQmZ1ZkRxTGRjMy9zTVJCbHFMRU09,UktJSTM0U0k3OGFoMkoveHVNalRQRnY0ajVGY2JIZUtrUzFSN0szVnJQOD0=,LzErY1d2cVVaSS9zODJ2ZmNFd1ZhVHJrWm9KeUpCSFRrTWUrdlNaMzNrcz0=
Z3dUMzcwaFNRV0ZjcUdyYmZPTlUrcUlram9HT1plNXdsSmtOcEdMYkZxbz0=,Q1JkTDhZeUdCQVdYZjFqVG9TOXNXSlUydVdmNEQ0OVZreS9PaHhaVzRvcz0=,Z3dUMzcwaFNRV0ZjcUdyYmZPTlUrcUlram9HT1plNXdsSmtOcEdMYkZxbz0=,cWVqYzRHc0FYZVpiWGJMajh5eUplNDhrTTRKNFgwYkRGeHpzY2R0aDZsaz0=,M2I2SDdLU3BqbjlySzE4TzhkZU9NNmNSVkM4R1ZjOUxjdFRzemdQemVqYjZQQXZuS05yQVlhUUpsUmkyeU16bWIrMk0yZ0JpM0YwWHc1YXhrVEErY3BjQmZ1ZkRxTGRjMy9zTVJCbHFMRU09,UktJSTM0U0k3OGFoMkoveHVNalRQRnY0ajVGY2JIZUtrUzFSN0szVnJQOD0=,LzErY1d2cVVaSS9zODJ2ZmNFd1ZhVHJrWm9KeUpCSFRrTWUrdlNaMzNrcz0=
LzBoU0EybW85Y3VSQ1J6YjZ4Mm4xVWJ0SVUyOG1aWHBodERpSlVLNFU0ND0=,Q1JkTDhZeUdCQVdYZjFqVG9TOXNXSlUydVdmNEQ0OVZreS9PaHhaVzRvcz0=,LzBoU0EybW85Y3VSQ1J6YjZ4Mm4xVWJ0SVUyOG1aWHBodERpSlVLNFU0ND0=,cWVqYzRHc0FYZVpiWGJMajh5eUplNDhrTTRKNFgwYkRGeHpzY2R0aDZsaz0=,M2I2SDdLU3BqbjlySzE4TzhkZU9NNmNSVkM4R1ZjOUxjdFRzemdQemVqYjZQQXZuS05yQVlhUUpsUmkyeU16bWIrMk0yZ0JpM0YwWHc1YXhrVEErY3BjQmZ1ZkRxTGRjMy9zTVJCbHFMRU09,UktJSTM0U0k3OGFoMkoveHVNalRQRnY0ajVGY2JIZUtrUzFSN0szVnJQOD0=,LzErY1d2cVVaSS9zODJ2ZmNFd1ZhVHJrWm9KeUpCSFRrTWUrdlNaMzNrcz0=
Q1dZVVFPTG9XSWo0Y0Y2c09ra2JzSGJOc3Q4djdKekpValMwZSs2K0ZVST0=,SndhMHdsdWpxaU4wT3c3N2Q3WDQ4QmV4bFlOQU1WRU9TVHE5Z2NiaVpsQT0=,Q1dZVVFPTG9XSWo0Y0Y2c09ra2JzSGJOc3Q4djdKekpValMwZSs2K0ZVST0=,cWVqYzRHc0FYZVpiWGJMajh5eUplNDhrTTRKNFgwYkRGeHpzY2R0aDZsaz0=,M2I2SDdLU3BqbjlySzE4TzhkZU9NNmNSVkM4R1ZjOUxjdFRzemdQemVqYjZQQXZuS05yQVlhUUpsUmkyeU16bWIrMk0yZ0JpM0YwWHc1YXhrVEErY3BjQmZ1ZkRxTGRjMy9zTVJCbHFMRU09,UktJSTM0U0k3OGFoMkoveHVNalRQRnY0ajVGY2JIZUtrUzFSN0szVnJQOD0=,LzErY1d2cVVaSS9zODJ2ZmNFd1ZhVHJrWm9KeUpCSFRrTWUrdlNaMzNrcz0=
bG9SdTZPZ0tlQkh1aDlRY1Axa3hzZEw1aUVWMjY5REpTY2xaRUhEYUpmdz0=,Q1JkTDhZeUdCQVdYZjFqVG9TOXNXSlUydVdmNEQ0OVZreS9PaHhaVzRvcz0=,bG9SdTZPZ0tlQkh1aDlRY1Axa3hzZEw1aUVWMjY5REpTY2xaRUhEYUpmdz0=,cWVqYzRHc0FYZVpiWGJMajh5eUplNDhrTTRKNFgwYkRGeHpzY2R0aDZsaz0=,M2I2SDdLU3BqbjlySzE4TzhkZU9NNmNSVkM4R1ZjOUxjdFRzemdQemVqYjZQQXZuS05yQVlhUUpsUmkyeU16bWIrMk0yZ0JpM0YwWHc1YXhrVEErY3BjQmZ1ZkRxTGRjMy9zTVJCbHFMRU09,UktJSTM0U0k3OGFoMkoveHVNalRQRnY0ajVGY2JIZUtrUzFSN0szVnJQOD0=,LzErY1d2cVVaSS9zODJ2ZmNFd1ZhVHJrWm9KeUpCSFRrTWUrdlNaMzNrcz0=
cUR4TUx2VlpNYy9lVG5xVU1hZjR5b3dSVElzWXQwMzlteGlrOXdpVzdCUT0=,bjJKREJRTy90MTlxaUQ5RTNUTEtweXRsZ2ZGdmdTYXIzNmVSUGRtUXhkRT0=,cUR4TUx2VlpNYy9lVG5xVU1hZjR5b3dSVElzWXQwMzlteGlrOXdpVzdCUT0=,cWVqYzRHc0FYZVpiWGJMajh5eUplNDhrTTRKNFgwYkRGeHpzY2R0aDZsaz0=,M2I2SDdLU3BqbjlySzE4TzhkZU9NNmNSVkM4R1ZjOUxjdFRzemdQemVqYjZQQXZuS05yQVlhUUpsUmkyeU16bWIrMk0yZ0JpM0YwWHc1YXhrVEErY3BjQmZ1ZkRxTGRjMy9zTVJCbHFMRU09,UktJSTM0U0k3OGFoMkoveHVNalRQRnY0ajVGY2JIZUtrUzFSN0szVnJQOD0=,LzErY1d2cVVaSS9zODJ2ZmNFd1ZhVHJrWm9KeUpCSFRrTWUrdlNaMzNrcz0=
dEpoT3FOM2srTnR2QTM0NHc4VVZVeGtYNGRoTFJTWHZ1QXJ1U0hKZkxHQT0=,SndhMHdsdWpxaU4wT3c3N2Q3WDQ4QmV4bFlOQU1WRU9TVHE5Z2NiaVpsQT0=,dEpoT3FOM2srTnR2QTM0NHc4VVZVeGtYNGRoTFJTWHZ1QXJ1U0hKZkxHQT0=,cWVqYzRHc0FYZVpiWGJMajh5eUplNDhrTTRKNFgwYkRGeHpzY2R0aDZsaz0=,M2I2SDdLU3BqbjlySzE4TzhkZU9NNmNSVkM4R1ZjOUxjdFRzemdQemVqYjZQQXZuS05yQVlhUUpsUmkyeU16bWIrMk0yZ0JpM0YwWHc1YXhrVEErY3BjQmZ1ZkRxTGRjMy9zTVJCbHFMRU09,UktJSTM0U0k3OGFoMkoveHVNalRQRnY0ajVGY2JIZUtrUzFSN0szVnJQOD0=,LzErY1d2cVVaSS9zODJ2ZmNFd1ZhVHJrWm9KeUpCSFRrTWUrdlNaMzNrcz0=
WEMzc2tZZHkwdUhDS0VZWFEvb0xiWTFtZ0d6UktoUzlzSnJrWko4LzhhMD0=,L1dSNWhHY08yUWo1dFpKNXVJMTE1MmorR3NEckVOZWM1Q1ZBVjN0M1haQT0=,WEMzc2tZZHkwdUhDS0VZWFEvb0xiWTFtZ0d6UktoUzlzSnJrWko4LzhhMD0=,cWVqYzRHc0FYZVpiWGJMajh5eUplNDhrTTRKNFgwYkRGeHpzY2R0aDZsaz0=,M2I2SDdLU3BqbjlySzE4TzhkZU9NNmNSVkM4R1ZjOUxjdFRzemdQemVqYjZQQXZuS05yQVlhUUpsUmkyeU16bWIrMk0yZ0JpM0YwWHc1YXhrVEErY3BjQmZ1ZkRxTGRjMy9zTVJCbHFMRU09,UktJSTM0U0k3OGFoMkoveHVNalRQRnY0ajVGY2JIZUtrUzFSN0szVnJQOD0=,LzErY1d2cVVaSS9zODJ2ZmNFd1ZhVHJrWm9KeUpCSFRrTWUrdlNaMzNrcz0=
Mm05M1gyV24xMGNIUUUvbVFpN2JOZE5SZ1ptTGtQQkJrNlg3bTVDMCtJZz0=,SndhMHdsdWpxaU4wT3c3N2Q3WDQ4QmV4bFlOQU1WRU9TVHE5Z2NiaVpsQT0=,Mm05M1gyV24xMGNIUUUvbVFpN2JOZE5SZ1ptTGtQQkJrNlg3bTVDMCtJZz0=,cWVqYzRHc0FYZVpiWGJMajh5eUplNDhrTTRKNFgwYkRGeHpzY2R0aDZsaz0=,M2I2SDdLU3BqbjlySzE4TzhkZU9NNmNSVkM4R1ZjOUxjdFRzemdQemVqYjZQQXZuS05yQVlhUUpsUmkyeU16bWIrMk0yZ0JpM0YwWHc1YXhrVEErY3BjQmZ1ZkRxTGRjMy9zTVJCbHFMRU09,UktJSTM0U0k3OGFoMkoveHVNalRQRnY0ajVGY2JIZUtrUzFSN0szVnJQOD0=,LzErY1d2cVVaSS9zODJ2ZmNFd1ZhVHJrWm9KeUpCSFRrTWUrdlNaMzNrcz0=
R3QwMGsyRUozZGtrNWVxM1ZRMWVZTkVZd0xpZzVTZldwTjNvNDVFK0hIMD0=,bjJKREJRTy90MTlxaUQ5RTNUTEtweXRsZ2ZGdmdTYXIzNmVSUGRtUXhkRT0=,R3QwMGsyRUozZGtrNWVxM1ZRMWVZTkVZd0xpZzVTZldwTjNvNDVFK0hIMD0=,cWVqYzRHc0FYZVpiWGJMajh5eUplNDhrTTRKNFgwYkRGeHpzY2R0aDZsaz0=,M2I2SDdLU3BqbjlySzE4TzhkZU9NNmNSVkM4R1ZjOUxjdFRzemdQemVqYjZQQXZuS05yQVlhUUpsUmkyeU16bWIrMk0yZ0JpM0YwWHc1YXhrVEErY3BjQmZ1ZkRxTGRjMy9zTVJCbHFMRU09,UktJSTM0U0k3OGFoMkoveHVNalRQRnY0ajVGY2JIZUtrUzFSN0szVnJQOD0=,LzErY1d2cVVaSS9zODJ2ZmNFd1ZhVHJrWm9KeUpCSFRrTWUrdlNaMzNrcz0=
b0d1eE8waEwvSjhaOWZQREZaK1RmSWRPOEJCd2x1OW5QRXBDL3UxVTFLOD0=,YWREWmwrWEVpVlpFNG12ejJoQ2JIZXlyYVU1dFZ5TmlhNE96OWJ5T2xmUT0=,b0d1eE8waEwvSjhaOWZQREZaK1RmSWRPOEJCd2x1OW5QRXBDL3UxVTFLOD0=,VzVyTmJrYXZheGRicnJobG1VcXhqMGsxNnhXMkJ6MkZjRlhtRnF5U1R6WT0=,TTJaQXd0eVVEQVp0MFJkUEFKeW1LSTNWem1TSE5kcHBvYWxoOE1NZFROR0MybGRoMFJGbGVKWndkdndCcVRxd1NuYXoyUHp2SGJrNDUvaGNVZFp1MFE9PQ==,bndHN1d6U1cvYXdoSzJsWWJYYndMNWxvMmRvbm1kTW9lWkZXM0F5SXpVbz0=,cTVSNEJZcm1HQnBHTUJlNEdpRUxHMGxGSUJLVFNVL1ZWYWZRZkV1aEtiUzNuWjN0Qk1vU1o1UFFPbGNqbXVhR1JWVTZLc05rV2J0UGNwV3lVSmN1aHY3UHFqaEFqcFJRd2ZsMWZGRDhNQ3NWZXVMTWh1NFRNcSttb1pVRlF3T2huRHdvWGxVQjlTdlR6QkpBeU9jUFNweU9FL3VIWkpGb1hyRlFYQUlLbUlrNFR3TWpXUTZhZTE0bHNHMUlCMkc5VTB4cnRQWmFscUc3OEZkTm9EaE5CM0dubFgzN1Q4MENWS3RvRHVCeTV6RFREVFNiRDNUSUdVNTFML1FRVVBKaUozc21QUHlzM1c5RnJOTlI2Tk9DUnlhYS9DWUxmN1FNbFVsWVNyRGVYUHBWYlJWK3JqQVQrWUMwZ3k3eUVVNzdjSUNiUVRKUW5YcTM5NUhTKzB6ZW92NU1TUy9QZXpkQ3VOdDNPNzh5OGw4aWVpemZGUEtZSXkwNU14UnZZR3BodlZ0OVdMTktsYjF0eVZHUjBHdHNFRDZuS1RWWExYM2tBTUJOZW1YNko5ZmQ1R2JpNE41RFZmZHo3akZCbGNwbjAwU1ZuN3VYZCtMblc5WFllZ2swZ2FaSkdETlh2VG1SaWdma0VOOUJXS2RWR2xubzZSVEpvc0RkUytVc2FCMS8zYitXWUxVYmlDUGUwalJscStFU1JxQ0hMQVJRWVgrMnIzZyt3aUllNnUybml3MktQSXVkL2pkVkUxbFJNTXFSYnhpejJLMkRVc1p4R2p1eXRpYWRsQT09
ZGo1VkkzekJyRFNrTHJUZC93UEZWdXo2Q24rMk4ySjZmWXRhamM3ejRVTT0=,L1dSNWhHY08yUWo1dFpKNXVJMTE1MmorR3NEckVOZWM1Q1ZBVjN0M1haQT0=,ZGo1VkkzekJyRFNrTHJUZC93UEZWdXo2Q24rMk4ySjZmWXRhamM3ejRVTT0=,cWVqYzRHc0FYZVpiWGJMajh5eUplNDhrTTRKNFgwYkRGeHpzY2R0aDZsaz0=,dWdZRGM3LzQ4OVlnRHNsN1NBTDhKek5TN3FOMDBjZTdnMGVMMXQzQWgzZz0=,bndHN1d6U1cvYXdoSzJsWWJYYndMNWxvMmRvbm1kTW9lWkZXM0F5SXpVbz0=,MU5oa2lYVTk4R2VRU3UvZUdlVnlCbGVDRmh2bGxhdkhMeDZGOTVNT0tOaGJEWWllcy85eVorZnpOL25ENGtCUw==
SWNqUU5OaE5HMTJYNC9QclRnZjh6eEMwTG5JdWJBdWtkVWZIRDE4cndmdz0=,L1dSNWhHY08yUWo1dFpKNXVJMTE1MmorR3NEckVOZWM1Q1ZBVjN0M1haQT0=,SWNqUU5OaE5HMTJYNC9QclRnZjh6eEMwTG5JdWJBdWtkVWZIRDE4cndmdz0=,cWVqYzRHc0FYZVpiWGJMajh5eUplNDhrTTRKNFgwYkRGeHpzY2R0aDZsaz0=,dWdZRGM3LzQ4OVlnRHNsN1NBTDhKek5TN3FOMDBjZTdnMGVMMXQzQWgzZz0=,bndHN1d6U1cvYXdoSzJsWWJYYndMNWxvMmRvbm1kTW9lWkZXM0F5SXpVbz0=,MU5oa2lYVTk4R2VRU3UvZUdlVnlCbGVDRmh2bGxhdkhMeDZGOTVNT0tOaGJEWWllcy85eVorZnpOL25ENGtCUw==
bS9pTURUbENwaklET3psVkJJeDdQckxJdFQ5dUFudzRCWEh0LzVtNTVIND0=,YWREWmwrWEVpVlpFNG12ejJoQ2JIZXlyYVU1dFZ5TmlhNE96OWJ5T2xmUT0=,bS9pTURUbENwaklET3psVkJJeDdQckxJdFQ5dUFudzRCWEh0LzVtNTVIND0=,VzVyTmJrYXZheGRicnJobG1VcXhqMGsxNnhXMkJ6MkZjRlhtRnF5U1R6WT0=,TTJaQXd0eVVEQVp0MFJkUEFKeW1LSTNWem1TSE5kcHBvYWxoOE1NZFROR0MybGRoMFJGbGVKWndkdndCcVRxd1NuYXoyUHp2SGJrNDUvaGNVZFp1MFE9PQ==,bndHN1d6U1cvYXdoSzJsWWJYYndMNWxvMmRvbm1kTW9lWkZXM0F5SXpVbz0=,cTVSNEJZcm1HQnBHTUJlNEdpRUxHMGxGSUJLVFNVL1ZWYWZRZkV1aEtiUzNuWjN0Qk1vU1o1UFFPbGNqbXVhR1JWVTZLc05rV2J0UGNwV3lVSmN1aHY3UHFqaEFqcFJRd2ZsMWZGRDhNQ3NWZXVMTWh1NFRNcSttb1pVRlF3T2huRHdvWGxVQjlTdlR6QkpBeU9jUFNweU9FL3VIWkpGb1hyRlFYQUlLbUlrNFR3TWpXUTZhZTE0bHNHMUlCMkc5VTB4cnRQWmFscUc3OEZkTm9EaE5CM0dubFgzN1Q4MENWS3RvRHVCeTV6RFREVFNiRDNUSUdVNTFML1FRVVBKaUozc21QUHlzM1c5RnJOTlI2Tk9DUnlhYS9DWUxmN1FNbFVsWVNyRGVYUHBWYlJWK3JqQVQrWUMwZ3k3eUVVNzdjSUNiUVRKUW5YcTM5NUhTKzB6ZW92NU1TUy9QZXpkQ3VOdDNPNzh5OGw4aWVpemZGUEtZSXkwNU14UnZZR3BodlZ0OVdMTktsYjF0eVZHUjBHdHNFRDZuS1RWWExYM2tBTUJOZW1YNko5ZHQrOVpoeU1nZTBXaXVTd2cvUCtwaXJwZlNaUG90dEs1b1FxSGsxUUxnOUh5UmZnaGdHVU1RYnVlYlBkbkkwV2lEZldlTjYvczlucEROKzZ1WTBDeFA1MmJZMklTR2NjY2dCOXBqazJJS1YvbU9WK1F0RWNaQ0pPZ0RZYjF3ak04NmZmRENMTGV6ZC8xQ1Q2LzVVMGhyOTV4dTRsNXZqMk9GbXMrd2M4ZWs1Zz09
eUtEZ3JDR1prWEZFdTQyeEpzVkRaVjJBNDRuK2V1VmJYRDdCQVMwUExRdz0=,aS9obkFDaGNFMjFZbThMK1RkOFU3Wmc0eGV2UVNqcG9zRkZCdmdZOGFsYz0=,eUtEZ3JDR1prWEZFdTQyeEpzVkRaVjJBNDRuK2V1VmJYRDdCQVMwUExRdz0=,cWVqYzRHc0FYZVpiWGJMajh5eUplNDhrTTRKNFgwYkRGeHpzY2R0aDZsaz0=,dWdZRGM3LzQ4OVlnRHNsN1NBTDhKek5TN3FOMDBjZTdnMGVMMXQzQWgzZz0=,bndHN1d6U1cvYXdoSzJsWWJYYndMNWxvMmRvbm1kTW9lWkZXM0F5SXpVbz0=,MU5oa2lYVTk4R2VRU3UvZUdlVnlCbGVDRmh2bGxhdkhMeDZGOTVNT0tOaGJEWWllcy85eVorZnpOL25ENGtCUw==
eEtuSTF5UnNiSmh2aHNpRE5mRm54S0xGVjBqYVNhNW5VOHhMTUQ2bVpKUT0=,aS9obkFDaGNFMjFZbThMK1RkOFU3Wmc0eGV2UVNqcG9zRkZCdmdZOGFsYz0=,eEtuSTF5UnNiSmh2aHNpRE5mRm54S0xGVjBqYVNhNW5VOHhMTUQ2bVpKUT0=,cWVqYzRHc0FYZVpiWGJMajh5eUplNDhrTTRKNFgwYkRGeHpzY2R0aDZsaz0=,dWdZRGM3LzQ4OVlnRHNsN1NBTDhKek5TN3FOMDBjZTdnMGVMMXQzQWgzZz0=,bndHN1d6U1cvYXdoSzJsWWJYYndMNWxvMmRvbm1kTW9lWkZXM0F5SXpVbz0=,MU5oa2lYVTk4R2VRU3UvZUdlVnlCbGVDRmh2bGxhdkhMeDZGOTVNT0tOaGJEWWllcy85eVorZnpOL25ENGtCUw==
eC9kcmVvY0VtbHh5a2NxRjg5RkI1Zm5BU3VBWVpnMFpCTHNta0tsT1l4ST0=,aS9obkFDaGNFMjFZbThMK1RkOFU3Wmc0eGV2UVNqcG9zRkZCdmdZOGFsYz0=,eC9kcmVvY0VtbHh5a2NxRjg5RkI1Zm5BU3VBWVpnMFpCTHNta0tsT1l4ST0=,cWVqYzRHc0FYZVpiWGJMajh5eUplNDhrTTRKNFgwYkRGeHpzY2R0aDZsaz0=,dWdZRGM3LzQ4OVlnRHNsN1NBTDhKek5TN3FOMDBjZTdnMGVMMXQzQWgzZz0=,bndHN1d6U1cvYXdoSzJsWWJYYndMNWxvMmRvbm1kTW9lWkZXM0F5SXpVbz0=,MU5oa2lYVTk4R2VRU3UvZUdlVnlCbGVDRmh2bGxhdkhMeDZGOTVNT0tOaGJEWWllcy85eVorZnpOL25ENGtCUw==
UVk5UUtwaXFpK0hNNnBVa1RmeXhUWnJjMStUbkE5dUlIZXYzU0pQTEZqcz0=,YWREWmwrWEVpVlpFNG12ejJoQ2JIZXlyYVU1dFZ5TmlhNE96OWJ5T2xmUT0=,UVk5UUtwaXFpK0hNNnBVa1RmeXhUWnJjMStUbkE5dUlIZXYzU0pQTEZqcz0=,VzVyTmJrYXZheGRicnJobG1VcXhqMGsxNnhXMkJ6MkZjRlhtRnF5U1R6WT0=,TTJaQXd0eVVEQVp0MFJkUEFKeW1LSTNWem1TSE5kcHBvYWxoOE1NZFROR0MybGRoMFJGbGVKWndkdndCcVRxd1NuYXoyUHp2SGJrNDUvaGNVZFp1MFE9PQ==,bndHN1d6U1cvYXdoSzJsWWJYYndMNWxvMmRvbm1kTW9lWkZXM0F5SXpVbz0=,cTVSNEJZcm1HQnBHTUJlNEdpRUxHMGxGSUJLVFNVL1ZWYWZRZkV1aEtiUzNuWjN0Qk1vU1o1UFFPbGNqbXVhR1JWVTZLc05rV2J0UGNwV3lVSmN1aHY3UHFqaEFqcFJRd2ZsMWZGRDhNQ3NWZXVMTWh1NFRNcSttb1pVRlF3T2huRHdvWGxVQjlTdlR6QkpBeU9jUFNweU9FL3VIWkpGb1hyRlFYQUlLbUlrNFR3TWpXUTZhZTE0bHNHMUlCMkc5VTB4cnRQWmFscUc3OEZkTm9EaE5CM0dubFgzN1Q4MENWS3RvRHVCeTV6RFREVFNiRDNUSUdVNTFML1FRVVBKaUozc21QUHlzM1c5RnJOTlI2Tk9DUnlhYS9DWUxmN1FNbFVsWVNyRGVYUHBWYlJWK3JqQVQrWUMwZ3k3eUVVNzdjSUNiUVRKUW5YcTM5NUhTKzB6ZW92NU1TUy9QZXpkQ3VOdDNPNzh5OGw4aWVpemZGUEtZSXkwNU14UnZZR3BodlZ0OVdMTktsYjF0eVZHUjBHdHNFRDZuS1RWWExYM2tBTUJOZW1YNko5Y3VYWWR6WDdsNWlKZGptZ1Y3akFxYTZ0NC9aR2U3Z0N3UjBzcUpPNExoMjhLZ2NiMTJzcGIyQW5jZk9mTldENE01Y3hvRDdqaHhrSXE1RFhsV1VwaFBPUURPRlB4SkFhRWE5SGljdDIzSHNSSFNUTytCVkpvclNWK3FTdGh0aTFtL2svTEN1c3pPVWdlNzJXKzRMRnJzMWxwclhJRmpoT0R0cmdTcndacFlOZ3BNTWlCN3U2b1dsMnN2UHl2QnRIRT0=
R2ZuMjkrOG1KTmFHeHJPRGtkQlQ0YWQ2MzBMUGVVanltaDg1VHlPdFhtaz0=,c0dHcFJ2WTc4Sm10Tkgva0VxTitqaVRaUFZRZ2NiRVpzZDBUMGRBVVRFQT0=,R2ZuMjkrOG1KTmFHeHJPRGtkQlQ0YWQ2MzBMUGVVanltaDg1VHlPdFhtaz0=,cWVqYzRHc0FYZVpiWGJMajh5eUplNDhrTTRKNFgwYkRGeHpzY2R0aDZsaz0=,dWdZRGM3LzQ4OVlnRHNsN1NBTDhKek5TN3FOMDBjZTdnMGVMMXQzQWgzZz0=,bndHN1d6U1cvYXdoSzJsWWJYYndMNWxvMmRvbm1kTW9lWkZXM0F5SXpVbz0=,MU5oa2lYVTk4R2VRU3UvZUdlVnlCbGVDRmh2bGxhdkhMeDZGOTVNT0tOaGJEWWllcy85eVorZnpOL25ENGtCUw==
